"","class","pre"
"YGR282C_mRNA",1,0.0349928703139378
"YLR143W_mRNA",1,0.906816456526086
"ENSMUSP00000127969.1",1,1.02614441209146
"ENSOCUP00000021782.2",1,1.0322372314225
"ENSBTAP00000035907.2",1,0.749354151488445
"W02G9.3",1,0.881576023918685
"YER003C_mRNA",1,0.419176146338297
"ENSP00000483117.1",1,0.981550275843591
"ENSP00000425147.1",1,0.773751107222779
"ENSELUP00000020572.1",1,0.47131292220663
"ENSELUP00000023433.1",1,1.09931324362394
"ENSCHIP00000026460.1",1,0.93885689192172
"ENSCINP00000031674.1",1,0.489893614410776
"ENSP00000367787.3",1,1.01551643580449
"ENSMMUP00000020616.3",1,1.13131378826353
"ENSDARP00000050948.5",1,1.07187358232131
"ENSEBUP00000006455.1",1,0.313206593230431
"ENSTRUP00000057191.1",1,0.932990244699587
"ENSP00000435873.1",1,0.690660512419193
"ENSECAP00000012978.2",1,1.10440656930257
"F52C12.3",1,0.927278930229231
"ENSGALP00000014689.5",1,0.941169746483373
"ENSMUSP00000102716.1",1,0.912418500560154
"F58G11.2a",1,1.1131946354077
"YML126C_mRNA",1,0.53855408874622
"ENSCPOP00000030274.1",1,1.08890701665595
"ENSEBUP00000000130.1",1,0.886198961807744
"ENSOARP00000021835.1",1,1.18344425432863
"FBpp0081569",1,1.06233306583736
"YNL177C_mRNA",1,1.15699546164385
"ENSELUP00000010195.1",1,1.14955138578546
"ENSBTAP00000010706.4",1,1.20598418947962
"ENSCINP00000026560.2",1,1.07193428418968
"FBpp0291001",1,0.535636972976044
"F54C8.4a",1,1.02858190771994
"ENSMGAP00000019027.1",1,0.708507306775077
"ENSP00000395591.1",1,0.85651556178202
"ENSORLP00000008519.2",1,0.640784704719968
"ENSRNOP00000014399.4",1,0.987247071261857
"FBpp0305158",1,1.02837741077835
"YNR019W_mRNA",1,0.867824110496484
"ENSP00000449762.1",1,0.823875115100696
"ENSEBUP00000023246.1",1,0.908990105042102
"ENSECAP00000019988.2",1,1.27499275927651
"FBpp0291259",1,0.596585027740888
"YOL059W_mRNA",1,0.534707497735489
"ENSECAP00000003823.2",1,1.01917672924462
"ENSCINP00000018655.3",1,0.906339443355134
"ENSELUP00000011075.1",1,1.01014064382202
"YFR032C_mRNA",1,1.28802641495746
"ZK1290.6",1,1.21594761388153
"ENSMUSP00000045126.7",1,0.966562339746119
"T21C9.12",1,1.01342818840934
"ENSORLP00000002509.2",1,1.10653092320716
"ENSP00000481752.1",1,1.0219340873448
"ENSELUP00000003411.1",1,1.07764348023309
"FBpp0079899",1,0.723966935119271
"ENSONIP00000018299.1",1,1.01815322358602
"FBpp0080906",1,0.948157980820779
"FBpp0077624",1,0.895985310263306
"ENSP00000333199.8",1,0.882292357381875
"YOR165W_mRNA",1,0.817143772617119
"ENSMUSP00000086873.4",1,0.570360545190131
"ENSXETP00000029449.3",1,0.73178372185487
"YDL043C_mRNA",1,1.16168136774137
"ENSP00000258975.6",1,0.913101849190414
"ENSP00000341483.5",1,1.03465357913275
"YDR353W_mRNA",1,0.36708749921233
"ENSGALP00000027063.4",1,1.00982192013972
"YHR179W_mRNA",1,0.0481500454522656
"ENSTRUP00000000955.2",1,0.934366432550442
"FBpp0075902",1,1.05375771491391
"ENSELUP00000003086.1",1,1.13390375415231
"ENSBTAP00000004683.6",1,1.19029245193048
"Y57G11C.3a",1,0.267900661790102
"ENSPTRP00000091589.1",1,0.74636815819076
"ENSEBUP00000007367.1",1,1.45066426746986
"ENSEBUP00000016665.1",1,1.20814113793585
"H15N14.1c",1,0.972794029952501
"ENSELUP00000034817.1",1,0.817233694352352
"YLR165C_mRNA",1,0.851756233616785
"YML113W_mRNA",1,1.08641794798621
"FBpp0072940",1,1.08567115479145
"ENSTRUP00000055661.1",1,0.984483076829224
"ENSOARP00000022183.1",1,0.628408985528444
"ENSDARP00000127323.1",1,0.952842049737696
"ENSMMUP00000002474.3",1,0.913832009367662
"ENSMUSP00000055271.8",1,0.987194354549166
"R10E11.9",1,1.18738066274189
"ENSECAP00000016744.2",1,1.01926383892802
"YDR365C_mRNA",1,0.9409172009808
"ENSORLP00000029403.1",1,1.22074986210788
"ENSBTAP00000058871.1",1,0.96061863862913
"YGL068W_mRNA",1,1.22175056096856
"T20B12.7",1,0.593285629276727
"T07D4.4a",1,1.14936252991452
"ENSBTAP00000067611.1",1,1.13507208202249
"YBL057C_mRNA",1,0.745419692959106
"ENSP00000355518.3",1,0.514980678619113
"YMR090W_mRNA",1,0.140107457297669
"ENSP00000444968.1",1,1.68178304361191
"ENSBTAP00000057457.1",1,0.948735285984055
"ENSECAP00000011666.2",1,1.28028036755591
"ENSECAP00000017270.2",1,0.222995508267681
"ENSEBUP00000004368.1",1,0.923376277177194
"C18A3.1",1,0.757924683267863
"ENSP00000345347.5",1,1.03219930155932
"YDR513W_mRNA",1,0.337914568474412
"ENSDARP00000121489.1",1,0.925474657544343
"Y51H4A.15",1,0.685036274738784
"ENSOANP00000007188.2",1,0.88603347522199
"ENSDARP00000136809.1",1,0.906631027304331
"ENSFCAP00000049045.1",1,1.06715064149282
"ENSOANP00000021272.2",1,1.03446076268439
"F33D4.5",1,1.26802352779299
"YHR189W_mRNA",1,0.18351694309895
"F59A2.3.1",1,0.592163336526166
"ENSGALP00000073581.1",1,0.959841548535945
"C35D10.12",1,1.42224883104282
"FBpp0086687",1,0.639767026982472
"ENSGALP00000007858.6",1,1.01796141164269
"ENSEBUP00000020190.1",1,0.874958102332319
"ENSONIP00000015825.1",1,0.753936051875406
"ENSRNOP00000074355.1",1,0.785491812272864
"M7.3",1,1.15359110839567
"ENSORLP00000018586.2",1,1.10124271874949
"FBpp0072970",1,1.02932113214741
"FBpp0087562",1,0.72489142207975
"ENSCINP00000016192.3",1,1.09891014098798
"ENSP00000491638.1",1,0.811807741971539
"ENSMUSP00000053514.6",1,0.895302347522074
"ENSP00000418535.2",1,0.679072534031256
"ENSECAP00000015649.2",1,0.947839771802026
"ENSP00000262613.5",1,0.952465684482114
"ENSMUSP00000145308.1",1,1.11691283133317
"ENSORLP00000028326.1",1,0.931503014028638
"Y59A8B.10a.1",1,1.0690676826073
"YEL002C_mRNA",1,0.88973861305562
"ENSBTAP00000005226.4",1,0.977864639552612
"YGL162W_mRNA",1,1.04663003399232
"ENSOARP00000004447.1",1,0.839011551236888
"ENSP00000402829.2",1,0.890173703527001
"ENSMMUP00000060340.1",1,0.765613123178208
"ENSORLP00000034270.1",1,0.862251142581991
"ENSECAP00000016122.2",1,1.03651801449583
"ENSP00000280346.6",1,1.04639843805784
"ENSMUSP00000115890.1",1,0.350017753625434
"YMR178W_mRNA",1,0.2739219642991
"ENSXETP00000024915.2",1,1.03440211940285
"Y37D8A.21",1,1.12254694372664
"T23D8.5",1,0.843529585685909
"YNL064C_mRNA",1,0.413861494655362
"ENSMUSP00000129739.1",1,1.19898821827533
"ENSMUSP00000044420.3",1,0.926512305052499
"YMR173W_mRNA",1,-0.119579284072291
"ENSTRUP00000052119.1",1,0.889533309387041
"ENSFCAP00000027283.2",1,0.935199491834877
"ENSBTAP00000060607.1",1,0.9059778841596
"ENSP00000342778.4",1,0.641984009866756
"FBpp0293000",1,0.809542519003162
"ENSMMUP00000030178.3",1,1.09158492194371
"R53.2.1",1,0.395771155102886
"FBpp0080929",1,1.07737134113056
"ENSTRUP00000053058.1",1,0.682525534848679
"ENSP00000465369.1",1,0.979573906866906
"ENSEBUP00000014064.1",1,0.773565666386884
"ENSTRUP00000051901.1",1,0.913601696807199
"FBpp0082540",1,0.859989207534313
"ENSMUSP00000128969.1",1,0.975611052280901
"ENSOANP00000018556.1",1,1.30481762213837
"YOR017W_mRNA",1,0.786029177360815
"ENSP00000381225.1",1,0.53862094205544
"ENSP00000422518.1",1,0.90303457002214
"ENSGALP00000052382.2",1,0.995707190894418
"C07E3.2",1,1.07514950808944
"ENSSSCP00000036509.1",1,1.04730628750755
"ENSFCAP00000008066.4",1,1.24757300005673
"ENSSSCP00000010454.3",1,0.890126581802445
"ENSTRUP00000052770.1",1,1.07181989945939
"C54H2.3",1,1.10624164834363
"ZC477.5",1,0.784243780939212
"ENSDARP00000142685.1",1,0.3591112748876
"F07H5.10",1,0.953025942448257
"ENSONIP00000014347.1",1,1.31077806829097
"ENSTRUP00000055944.1",1,0.91937962522828
"ENSBTAP00000026257.6",1,0.88113150841084
"F23F1.9",1,0.844299093730275
"ENSCINP00000021107.3",1,1.28760054661981
"ENSRNOP00000001791.5",1,0.570811125742981
"ENSMUSP00000070751.5",1,0.66023340304085
"ENSTRUP00000048214.1",1,0.998209768997341
"YHR064C_mRNA",1,0.45558497486932
"ENSORLP00000044905.1",1,1.26577082202653
"ENSEBUP00000015553.1",1,0.837219809996382
"ENSP00000468090.1",1,0.994828934376299
"ENSMUSP00000030201.7",1,0.477427202757967
"YDL202W_mRNA",1,1.06362315502955
"ENSECAP00000008420.2",1,0.966995392180011
"YDR398W_mRNA",1,1.09592855326536
"ENSCINP00000010056.3",1,0.881867097366359
"FBpp0079445",1,0.955020692934408
"ENSEBUP00000026030.1",1,0.701219060396152
"ENSP00000357838.5",1,0.43205837538576
"ENSP00000459029.1",1,1.09245505379196
"C25D7.8.1",1,0.36142868329123
"M88.5c",1,1.18161480353776
"YNL015W_mRNA",1,0.504596401091048
"ENSDARP00000099658.2",1,1.16274853386073
"ENSP00000355586.4",1,1.00931374900595
"YCR046C_mRNA",1,0.83555186745354
"YGL246C_mRNA",1,0.895868304144924
"YDR251W_mRNA",1,1.01544791226188
"ENSMUSP00000090230.6",1,0.942078921077672
"FBpp0074129",1,0.995283437939856
"ENSP00000475900.1",1,0.451748537901434
"ENSSSCP00000038692.1",1,0.616446841291913
"ENSDARP00000089746.3",1,0.839164076851541
"ENSP00000466275.3",1,0.343684824168369
"FBpp0087974",1,0.483644403464284
"FBpp0291095",1,0.949434308050613
"ENSMUSP00000113204.1",1,1.05556688147398
"YNL055C_mRNA",1,0.142044550899506
"ENSP00000488192.1",1,0.848517188655858
"ENSEBUP00000018957.1",1,1.17536577823012
"FBpp0289795",1,0.379656832709773
"ENSEBUP00000019437.1",1,0.903459396726518
"ENSORLP00000014773.1",1,1.08742077852291
"ENSGALP00000066604.1",1,0.427376794480787
"ENSMUSP00000006301.4",1,0.87780294980777
"ENSGALP00000073657.1",1,1.20973098736788
"ENSOARP00000011326.1",1,0.401463331250761
"ENSP00000425460.1",1,0.94964239616018
"ENSP00000366179.3",1,1.12033862845295
"ENSECAP00000025042.1",1,1.13952204990944
"ZK938.7.1",1,0.939601555768788
"ENSEBUP00000014135.1",1,0.987080495480218
"FBpp0084281",1,1.0851736755458
"ENSEBUP00000006720.1",1,1.00992442004912
"Y52B11A.10",1,1.09218644810531
"ENSP00000382150.3",1,1.18595919430717
"ENSMUSP00000041732.5",1,1.00759828030228
"C49H3.9",1,0.917176246767312
"ENSP00000424735.1",1,0.689884967951637
"ENSORLP00000041158.1",1,1.20816377718542
"ENSECAP00000025580.1",1,1.08921683719917
"FBpp0073597",1,1.15247095791256
"ENSMUSP00000023486.8",1,0.724447316962992
"ENSXETP00000062146.1",1,1.08471855258797
"ENSP00000496997.1",1,0.854703324993637
"FBpp0087649",1,1.22644750504367
"ENSMUSP00000099411.3",1,0.467418567654058
"ENSMUSP00000063325.5",1,0.339985314437938
"ENSCINP00000013281.3",1,1.28207444619488
"FBpp0088518",1,1.10711326160189
"ENSDARP00000078653.3",1,0.988492167388076
"ENSP00000478171.1",1,1.10578571602644
"YDL103C_mRNA",1,0.60152716255962
"FBpp0077504",1,0.712599622963842
"YDR117C_mRNA",1,1.02923712768973
"ENSFCAP00000011350.5",1,1.12287114964242
"ENSORLP00000021673.2",1,1.12679854134388
"R03D7.7",1,1.04249781981097
"ENSMUSP00000105646.2",1,1.32605099498173
"YMR203W_mRNA",1,0.253601008900116
"YJL218W_mRNA",1,-0.0328178229965904
"ENSP00000403365.2",1,0.736020033090409
"ENSMUSP00000023105.3",1,0.699360362540076
"ENSXETP00000043135.3",1,0.954261277099185
"ENSMUSP00000021052.9",1,0.886378693617432
"F02A9.3.1",1,0.547356571681999
"YDR440W_mRNA",1,1.19136997181968
"ENSEBUP00000027550.1",1,1.08568940855253
"FBpp0309755",1,0.850955506282851
"ENSEBUP00000024449.1",1,0.629122389108243
"ENSONIP00000011860.1",1,0.844267166988505
"T22B7.4",1,0.952298139230841
"C09G9.6",1,1.00917795810356
"FBpp0076284",1,0.77234117321526
"ENSMUSP00000070504.7",1,0.835813305344421
"YDR129C_mRNA",1,0.700736161114987
"ENSCINP00000020322.3",1,0.767518462009982
"FBpp0080387",1,0.847431814110996
"ENSMUSP00000054307.6",1,0.907781084037507
"ENSP00000484616.1",1,0.892532222706309
"ENSCINP00000018420.3",1,1.05780814230506
"ENSP00000458350.1",1,0.823566882338375
"ENSDARP00000098110.3",1,0.979644735965223
"ENSOARP00000019407.1",1,1.16174956404943
"ENSEBUP00000004175.1",1,1.13326820393826
"ENSONIP00000012027.1",1,0.746840058124334
"ENSMUSP00000082288.5",1,0.709115830635416
"YNL208W_mRNA",1,1.05608450796069
"ENSMUSP00000138083.1",1,0.681299276229674
"ENSCINP00000012825.3",1,1.00678699577732
"ENSP00000406061.2",1,0.745187824079786
"ENSECAP00000001477.2",1,1.15619843397439
"ENSBTAP00000012544.3",1,1.15706391561372
"ENSOARP00000011131.1",1,1.46163607338791
"ENSP00000434611.1",1,0.495354712995202
"FBpp0084267",1,0.929722986470526
"YPL105C_mRNA",1,1.14216861482002
"ENSXETP00000029511.3",1,0.931607666101018
"ENSMUSP00000133204.1",1,0.814989139073031
"YNR021W_mRNA",1,1.05653727729364
"T21B10.1",1,0.786056451821789
"YDL131W_mRNA",1,0.235734918829645
"ENSMUSP00000144984.1",1,0.939639954635536
"ENSMUSP00000034644.8",1,0.983967412294988
"ENSELUP00000018186.1",1,1.01732816179862
"ENSP00000430639.1",1,0.626000690364052
"Y53G8AR.9",1,0.741509717451893
"ENSMUSP00000005413.3",1,0.827886212985757
"ENSP00000429824.1",1,1.11081673799227
"ENSCHIP00000020925.1",1,1.16422506949093
"ENSORLP00000035570.1",1,0.951368755135188
"ENSMFAP00000043251.1",1,1.1285279046
"ZK1307.9",1,1.00146765410428
"ENSMMUP00000038684.2",1,0.957274329709973
"ENSP00000354218.4",1,0.684980835630942
"ENSGALP00000010944.6",1,1.01556649826499
"FBpp0309175",1,0.781783144536511
"ENSEBUP00000022850.1",1,1.05105808888948
"ENSP00000413346.1",1,0.233763085753108
"ENSECAP00000033733.1",1,1.02179663147288
"YCR090C_mRNA",1,0.623291212558219
"ENSP00000463481.1",1,1.00880924559898
"Y54E10A.7.1",1,0.671708090038541
"ENSP00000435272.1",1,0.487480040956875
"ENSRNOP00000071179.1",1,0.52591091340248
"YJL096W_mRNA",1,1.1241951933754
"ENSCHIP00000009391.1",1,1.13060800247543
"FBpp0304100",1,0.754536108182015
"K11D2.5",1,0.64343826975674
"C34E10.11",1,1.15546523401048
"ENSOCUP00000023554.2",1,1.044608954391
"ENSMMUP00000007104.3",1,1.17041322780209
"YMR003W_mRNA",1,1.32307138007097
"FBpp0077065",1,1.06490059781363
"FBpp0303669",1,0.820751934862124
"ENSOANP00000004720.1",1,1.08024664827356
"FBpp0289271",1,0.873537669841058
"ENSP00000356436.3",1,0.906211049384495
"ENSP00000268058.3",1,1.25720748545996
"YGL136C_mRNA",1,0.798436288830844
"ENSONIP00000003776.1",1,1.14803511368011
"ENSP00000493041.1",1,0.920704578548182
"ENSMUSP00000053483.4",1,1.00673007385516
"Y75B8A.7",1,1.05991404427117
"ENSP00000360184.4",1,0.474574730408369
"ENSCINP00000008581.3",1,0.918867538375687
"YEL032W_mRNA",1,1.20664654343188
"ENSP00000380990.3",1,0.893721215740931
"ENSELUP00000024555.1",1,1.18921459325594
"ENSEBUP00000010985.1",1,0.984829578826548
"ENSP00000350848.2",1,0.89676356466699
"ENSORLP00000007030.2",1,0.777307790971072
"ENSONIP00000002947.1",1,1.25908872629081
"ENSP00000265174.4",1,0.864725795022428
"ENSRNOP00000034180.3",1,0.851546083282438
"ENSFCAP00000041202.1",1,1.00992710537842
"FBpp0081342",1,1.26734187923946
"ENSMUSP00000049147.4",1,1.30969244086903
"ENSMUSP00000151403.1",1,0.822962336483013
"ENSP00000397891.1",1,0.817073148405326
"C03A3.3",1,0.130257526607157
"ENSPTRP00000086742.1",1,0.956510827811373
"Y73B6A.4",1,0.835541106854467
"ENSCINP00000008964.3",1,1.03656811681457
"FBpp0289702",1,0.942754659450696
"ENSEBUP00000005708.1",1,1.42199267440133
"ENSOARP00000011962.1",1,1.24844900722677
"FBpp0099920",1,-0.0200882642388499
"ENSORLP00000034791.1",1,1.21232632700498
"FBpp0289481",1,0.81613786244984
"FBpp0087569",1,0.938565042160528
"F49F1.14",1,1.25713000712177
"FBpp0308797",1,0.807691488529652
"W03D2.4",1,0.232968993904038
"ENSP00000415589.1",1,0.83056118848712
"YGR280C_mRNA",1,1.01495486901577
"ENSEBUP00000009083.1",1,0.852471882138263
"T07A9.9a.1",1,1.12955718754905
"ENSBTAP00000003444.6",1,0.287189993932136
"C18A3.3",1,1.24242477600316
"FBpp0306760",1,0.258575321605262
"ENSSSCP00000036461.1",1,0.680893768521197
"YPR100W_mRNA",1,0.97855885340902
"YJR088C_mRNA",1,0.390771502694057
"ENSCINP00000005569.3",1,0.833111468731642
"YGR159C_mRNA",1,1.15378411400703
"ENSOCUP00000020560.1",1,0.426636522187091
"ENSXETP00000062387.1",1,0.906946267143643
"ENSP00000430309.1",1,1.23471840749356
"K10C9.3",1,0.875368337340112
"ENSP00000350012.3",1,0.810422313493421
"ENSFCAP00000050423.1",1,0.818740591961594
"YLR192C_mRNA",1,1.15045991156242
"W02D3.11a",1,0.816621032265182
"ENSEBUP00000018798.1",1,1.10245587385784
"ENSP00000443585.1",1,0.889218116484585
"ENSCPOP00000031876.1",1,0.762871500868168
"YMR014W_mRNA",1,0.956127522706429
"ENSMUSP00000137476.1",1,0.889646094512015
"ENSP00000487420.1",1,0.948208289241994
"YML042W_mRNA",1,0.574952322617848
"YDR174W_mRNA",1,1.05022683321368
"ENSP00000421839.1",1,1.12394197420163
"FBpp0293470",1,0.463308805297845
"ENSECAP00000029297.1",1,0.721699879607595
"ENSORLP00000030377.1",1,1.00664768753984
"ENSELUP00000000304.1",1,1.06249692680813
"FBpp0076825",1,1.04827705943034
"CD4.3.1",1,0.562263206929552
"ENSP00000351926.4",1,0.924262905404559
"ENSMUSP00000070149.4",1,0.380269053522454
"ENSP00000272091.7",1,1.06838077895929
"YNL225C_mRNA",1,0.948139954430277
"ENSP00000462950.1",1,0.956277444446037
"ENSP00000431520.1",1,0.393095305546239
"ENSRNOP00000073234.1",1,0.947145597823071
"ENSELUP00000038451.1",1,1.01293531739464
"ENSGALP00000072364.1",1,1.0215102866825
"YDR332W_mRNA",1,1.22320251147728
"ENSMUSP00000115155.1",1,0.607068334137114
"K06H7.3.1",1,1.05803432757015
"ENSMUSP00000105976.2",1,0.792146710221858
"ENSTRUP00000051952.1",1,0.817709860712636
"ENSECAP00000022006.2",1,0.84104937997323
"ENSONIP00000022532.1",1,0.770181647705843
"F54D8.2.1",1,1.09339714275011
"ENSMUSP00000108236.3",1,0.19006764330609
"ENSTRUP00000051778.1",1,1.08614403947785
"ENSP00000495765.1",1,1.09421348535929
"ENSP00000408108.2",1,0.83530095703348
"YGL130W_mRNA",1,0.780489744782779
"FBpp0297502",1,0.854715156514357
"YNR006W_mRNA",1,1.02301475045725
"ENSP00000395872.1",1,1.20803916247071
"ENSP00000262640.6",1,1.20255203228953
"Y66H1B.4",1,0.342576645995191
"ENSECAP00000000188.2",1,1.05851800003193
"YNL134C_mRNA",1,0.184562055492389
"ENSGALP00000061989.1",1,0.574784765216232
"YDR292C_mRNA",1,0.820029780061394
"ENSP00000291634.6",1,0.960835694417517
"ENSP00000407448.1",1,1.08237032558709
"ENSMUSP00000021335.5",1,0.740001668386536
"FBpp0293396",1,1.0112636695918
"YHL021C_mRNA",1,0.699032033066396
"ENSECAP00000031106.1",1,1.0277836898265
"C29F5.3",1,0.666826870659855
"ENSMUSP00000070680.2",1,0.855086104796473
"ENSMUSP00000107173.1",1,1.12542612051086
"YHR108W_mRNA",1,1.01804456613256
"ENSP00000432661.1",1,0.603252877022182
"Y97E10AR.5",1,0.53602795107858
"ENSP00000228506.3",1,0.967202593518159
"ENSP00000252992.4",1,0.980551188414665
"ENSPTRP00000093248.1",1,1.18735736295049
"YLR196W_mRNA",1,0.793436685270918
"ENSELUP00000035224.1",1,1.00237725621344
"ENSOARP00000019458.1",1,0.815887677232977
"ENSMUSP00000072136.5",1,0.467121645949139
"ENSP00000453284.1",1,1.05203073677424
"ENSDARP00000125630.1",1,1.02508770853545
"ENSP00000436834.1",1,0.635285989983156
"ENSELUP00000020308.1",1,1.02811641698951
"ENSPTRP00000078410.1",1,0.731156663690472
"FBpp0089363",1,1.02613417763516
"YCR028C-A_mRNA",1,0.681232542955949
"ENSRNOP00000073490.1",1,1.20248082546786
"B0205.8.1",1,1.22203877803491
"FBpp0084759",1,0.0946429938305119
"ENSP00000425042.1",1,0.759832997187792
"ENSDARP00000129551.1",1,0.712966618470977
"ENSGALP00000073601.1",1,1.17364653750007
"ENSMUSP00000032216.6",1,1.13167539393434
"ENSELUP00000008691.1",1,1.08513882357322
"ENSP00000376899.2",1,0.622793349464877
"ENSMUSP00000067290.2",1,1.19318075832729
"YLL026W_mRNA",1,0.500106597116728
"ENSCINP00000015337.3",1,0.804962245354937
"ENSFCAP00000035220.2",1,0.887165149557589
"YGR178C_mRNA",1,0.668024711581275
"ENSECAP00000036780.1",1,1.13883090240113
"ENSMUSP00000035222.5",1,0.907981815890548
"ENSECAP00000030691.1",1,0.789054715390968
"FBpp0084171",1,0.984192069855317
"YGR093W_mRNA",1,1.08546958348816
"FBpp0291628",1,0.758348246247062
"ENSP00000420893.1",1,0.675040452446095
"YDR051C_mRNA",1,0.522636389545488
"F58A4.9.1",1,0.726478197043092
"ENSXETP00000064123.1",1,0.926364647568074
"YBR078W_mRNA",1,0.701398030268915
"ENSEBUP00000016546.1",1,0.826589552634845
"ENSEBUP00000003281.1",1,1.00640681162214
"FBpp0077630",1,0.700527737946552
"ENSP00000357727.3",1,0.220135405086245
"YDR482C_mRNA",1,0.824074423793086
"ENSP00000384939.3",1,1.48286432093608
"ENSP00000415949.2",1,0.192412415508717
"FBpp0072214",1,0.984048055687733
"ENSMUSP00000074724.6",1,0.570949686799427
"ENSP00000273317.4",1,1.19627543397304
"ENSELUP00000023970.1",1,0.850168057119736
"ENSTRUP00000025709.2",1,0.319826020282725
"ENSCINP00000010340.3",1,0.988962752310196
"ENSEBUP00000016785.1",1,1.06318740538925
"ENSCINP00000033503.1",1,0.42987554880722
"ENSDARP00000130821.1",1,0.423542912255218
"FBpp0078376",1,1.06473341119279
"K04F10.1",1,0.6161326028307
"YHR067W_mRNA",1,0.803851334714517
"ENSP00000359990.3",1,0.995456365181276
"ENSMUSP00000096136.4",1,0.98690301246268
"ENSDARP00000054875.6",1,0.77419360419871
"YIL143C_mRNA",1,0.833010755886526
"FBpp0075534",1,1.2704415902321
"ENSOCUP00000012778.3",1,1.36912752266125
"ENSBTAP00000025736.5",1,1.00763012592733
"ENSECAP00000028198.1",1,1.11659341602962
"ENSOCUP00000001681.3",1,0.911902085339841
"ENSSSCP00000041733.1",1,0.758401684128692
"YLR271W_mRNA",1,0.989822557422547
"C53C9.2.1",1,1.37316245129604
"ENSP00000493048.1",1,1.08964748475364
"C41G7.3",1,0.614856759217738
"ENSPMAP00000005385.1",1,0.766564615909281
"ENSSSCP00000035104.1",1,1.01271940556809
"ENSP00000441434.1",1,0.569248788010921
"FBpp0070465",1,1.01810846332283
"ENSMGAP00000005833.2",1,0.556605779085689
"YPR008W_mRNA",1,1.25369670711275
"ENSOARP00000001633.1",1,0.864981636960922
"ENSP00000495845.1",1,0.592137196797685
"YNL248C_mRNA",1,1.25386867000129
"ENSCINP00000005575.3",1,0.775117820564821
"ENSOARP00000010820.1",1,1.13501152943059
"ENSELUP00000028607.1",1,1.07874864572559
"ENSBTAP00000001851.5",1,0.609527412144116
"YKL170W_mRNA",1,0.977002813356847
"ENSBTAP00000057191.1",1,0.908580760258583
"ENSCINP00000034981.1",1,0.812528567037273
"YJR093C_mRNA",1,1.06380591287957
"ENSP00000356110.4",1,0.915838892857771
"ENSORLP00000016793.2",1,0.952930100760656
"ENSECAP00000046654.1",1,1.15960525649216
"FBpp0081384",1,0.955057812282848
"YGR234W_mRNA",1,0.357647764834802
"YNL005C_mRNA",1,1.07177011356729
"Y48E1B.2a",1,0.833150226776863
"YHR105W_mRNA",1,0.946842634112115
"FBpp0071822",1,0.787639343407501
"ENSFCAP00000002340.4",1,0.892956810181537
"ENSELUP00000004695.1",1,1.0358191047862
"ENSMUSP00000035230.5",1,0.64145862038502
"ENSP00000449824.1",1,1.06377023240522
"T23B5.1a",1,0.780941913823895
"ENSMUSP00000007042.5",1,1.07788892585179
"ENSFCAP00000045269.1",1,0.968191940144967
"ENSP00000480150.1",1,0.96031753925474
"ENSMUSP00000042918.8",1,0.622883913791772
"K10C8.1",1,0.439714557455895
"ENSBTAP00000045820.2",1,1.09031939354803
"T09B4.9",1,0.782914251548077
"ENSGALP00000064212.2",1,0.906921386360448
"YGR245C_mRNA",1,1.0759481108292
"ENSP00000470127.1",1,0.983459832317422
"ENSP00000418631.1",1,0.764923670869735
"YLR068W_mRNA",1,0.980396778386217
"ENSDARP00000112151.2",1,0.867380059960037
"ENSP00000209873.4",1,1.13824443212389
"YBR079C_mRNA",1,1.00499833032571
"ENSMUSP00000138778.1",1,0.966754164843444
"F14F9.5",1,0.536770040861937
"FBpp0086524",1,1.0252510402691
"ENSECAP00000010341.2",1,1.16980532413288
"R08D7.4b.1",1,0.991822090591501
"ENSMUSP00000076957.3",1,0.960702778342654
"ENSECAP00000045060.1",1,1.25408235066094
"ENSMUSP00000106199.1",1,0.730626220734757
"ENSSSCP00000040375.1",1,0.224910998527283
"ZC404.8.1",1,1.34057497637691
"ENSECAP00000044487.1",1,1.13805322596251
"YPL043W_mRNA",1,1.23196201831272
"FBpp0073739",1,0.80864855433054
"ENSPMAP00000004862.1",1,0.707982179890431
"FBpp0086689",1,1.06009785271752
"ENSDARP00000014631.10",1,0.898894861652304
"YKL138C_mRNA",1,1.24207157274138
"ENSOANP00000008625.2",1,1.13256639176677
"ENSP00000484492.1",1,1.00558122869899
"YCR003W_mRNA",1,1.14934612615985
"FBpp0308230",1,0.764972304850562
"ENSDARP00000105821.2",1,1.09304026121877
"ENSTRUP00000047993.1",1,0.963028367134024
"ENSCINP00000036146.1",1,0.862160969203671
"ENSP00000489384.1",1,0.283646016454082
"ENSPTRP00000061927.1",1,0.653602745042871
"ENSCINP00000014738.3",1,0.645107246808751
"ENSGALP00000063546.2",1,1.00610346634227
"ENSDARP00000136286.1",1,0.992193173050744
"ENSELUP00000038636.1",1,1.09426244079187
"ENSORLP00000037496.1",1,1.24490346192398
"FBpp0086999",1,0.873280671757576
"ENSBTAP00000069220.1",1,0.90146783207873
"FBpp0307975",1,1.04992671631316
"ENSSSCP00000053366.1",1,1.54831921721475
"YER055C_mRNA",1,0.491198949146678
"ENSP00000450118.1",1,1.02296069135407
"ENSELUP00000014069.1",1,0.791386340477762
"ENSECAP00000023977.1",1,1.37468105390259
"ENSMUSP00000021940.7",1,1.02707509750054
"ENSEBUP00000015945.1",1,1.03404771417165
"ENSP00000369664.3",1,0.765991611078217
"ENSOCUP00000022831.2",1,1.13416695890868
"ENSEBUP00000021691.1",1,0.875410425521947
"FBpp0084150",1,1.06145266495206
"ENSP00000497402.1",1,0.986033873474324
"ENSTRUP00000053934.1",1,0.630205775960577
"FBpp0290236",1,0.397285686070443
"ENSP00000457694.1",1,1.05621723244341
"FBpp0080423",1,1.06688799711684
"ENSMUSP00000123472.1",1,0.792348019489792
"ENSMUSP00000130195.1",1,0.956139751101855
"ENSDARP00000144192.1",1,0.797557572733622
"R08E5.3",1,0.65402541235337
"ENSP00000352385.4",1,0.958452295495182
"ENSCINP00000005804.3",1,0.924273084267386
"ENSMUSP00000109394.1",1,0.938056638952426
"ENSELUP00000039487.1",1,1.03599090667158
"ENSP00000454735.1",1,1.0610478355106
"ENSP00000242784.3",1,1.10194590351112
"ENSP00000478949.1",1,1.1555904702743
"ENSOANP00000026728.2",1,0.515946428235376
"ENSMUSP00000134799.1",1,0.800921234779057
"FBpp0083939",1,0.772245966259277
"FBpp0084616",1,0.447773883431692
"ENSMUSP00000022470.8",1,1.0792114101351
"YKR079C_mRNA",1,0.625366074004422
"ENSMFAP00000030840.1",1,0.664193119107351
"ENSEBUP00000022224.1",1,0.783159563951195
"FBpp0072907",1,0.979297260508305
"ENSECAP00000024716.1",1,0.911329896392702
"ENSP00000489587.1",1,1.38451563836363
"ENSP00000423087.1",1,0.74498875469466
"FBpp0308248",1,0.912706737705755
"ENSP00000404012.1",1,1.03075429114231
"ENSP00000362244.2",1,1.11298540671531
"YDL220C_mRNA",1,1.05777821972408
"ENSP00000357679.4",1,0.96639560838489
"ENSEBUP00000017019.1",1,0.897953412087427
"ENSP00000405573.3",1,0.597630559234961
"ENSSSCP00000013108.3",1,1.05370521379224
"ENSMUSP00000048016.7",1,1.10372575534371
"ENSDARP00000055037.3",1,1.08336264406664
"YGL037C_mRNA",1,0.0600999888432872
"ENSMUSP00000021083.6",1,1.00169367945446
"C18E3.7a",1,0.913761400674755
"ENSP00000483185.1",1,0.876566268877728
"ENSCINP00000032396.1",1,0.83931886464166
"ENSRNOP00000068775.1",1,1.05869971385978
"ENSP00000297440.6",1,1.30768808861184
"ENSMUSP00000095134.3",1,0.911083878027019
"ENSMUSP00000078886.4",1,0.693181740000113
"ENSP00000293350.3",1,0.684272205216262
"ENSP00000450633.1",1,0.816610412668185
"C53A5.17",1,1.04629328658554
"ENSSSCP00000051848.1",1,0.437802840124533
"ENSTRUP00000048550.1",1,0.939936750104756
"FBpp0308852",1,1.18734570949893
"ENSEBUP00000013902.1",1,1.11498048115404
"ENSCINP00000034212.1",1,0.7146643216922
"ENSP00000495663.1",1,0.965405427489117
"ENSP00000471675.1",1,0.707339672682625
"FBpp0312373",1,1.07018863205604
"ENSCINP00000025837.2",1,1.17620062330264
"ENSMUSP00000080337.3",1,0.943771693290683
"ENSP00000265056.7",1,0.80480208549076
"ENSEBUP00000008205.1",1,1.13941327911187
"ENSSSCP00000032916.1",1,0.973539124247594
"ENSP00000436539.1",1,0.692829830751761
"ENSEBUP00000023866.1",1,1.07640397944906
"FBpp0083356",1,1.10563804354783
"T20F5.3.1",1,0.944143852565578
"ENSORLP00000015660.2",1,0.472756899235515
"ENSCINP00000023796.2",1,0.850765625812466
"ENSDARP00000126020.1",1,1.08822661751103
"YJR002W_mRNA",1,1.09266326459301
"ENSMUSP00000067111.2",1,0.746747348789452
"YML105C_mRNA",1,0.85846579992108
"YFL014W_mRNA",1,0.409223408212348
"YOL041C_mRNA",1,0.995005999252776
"FBpp0074970",1,1.16481279040304
"YPR190C_mRNA",1,0.961868446145435
"ENSOANP00000032554.1",1,0.440731768769613
"ENSOANP00000012993.2",1,0.864908552550016
"K07H8.10.1",1,1.23505413012657
"ENSP00000395574.2",1,1.05298446350162
"ENSELUP00000019157.1",1,0.754598239466196
"ENSMUSP00000028800.5",1,0.516253458920967
"ZC302.2a",1,0.927401752258144
"ENSP00000435548.1",1,0.816963399081166
"ENSDARP00000119115.1",1,1.10518059431429
"ENSP00000343690.5",1,0.185885853093043
"FBpp0085566",1,0.854559131997442
"YNL007C_mRNA",1,0.437993683189612
"ENSMUSP00000030665.6",1,0.853585626680412
"ENSMUSP00000025239.7",1,0.997156225270127
"YLR009W_mRNA",1,1.05246144345587
"ENSSSCP00000053525.1",1,0.96000300641805
"ENSGALP00000070849.1",1,1.61486777943563
"FBpp0297066",1,0.725142876836443
"ENSEBUP00000026230.1",1,1.01320683948904
"ENSMUSP00000155231.1",1,0.890423930830772
"YKL196C_mRNA",1,0.325306830474736
"ENSP00000478841.1",1,1.23794983315766
"ENSP00000459223.1",1,1.10685236384887
"ENSMUSP00000064280.7",1,0.933404826174004
"FBpp0070544",1,0.914949210112596
"ENSP00000471080.1",1,1.24844563291209
"ENSP00000386531.1",1,0.94807157296942
"YML043C_mRNA",1,0.926145862926039
"ZK686.3",1,0.785498437605381
"YDR115W_mRNA",1,0.775248166848745
"ENSRNOP00000051553.5",1,0.919825617338231
"ENSEBUP00000008950.1",1,1.24131107790596
"K01G5.1",1,1.30575414983399
"YER086W_mRNA",1,0.502185606722532
"FBpp0078390",1,1.08621643807302
"YGR271C-A_mRNA",1,0.807599119657768
"T23G7.3",1,0.982535720970533
"ENSDARP00000129304.1",1,1.08906769707813
"ENSP00000405547.1",1,0.544391376764896
"FBpp0309955",1,0.958853959619619
"ENSFCAP00000033456.2",1,0.898804729398557
"ENSMUSP00000099399.3",1,1.0271894426385
"ENSELUP00000029743.1",1,0.88555593274319
"FBpp0075866",1,0.978868389940119
"FBpp0310240",1,1.04275953328272
"ENSGALP00000039544.3",1,0.977206734140688
"ENSELUP00000042862.1",1,1.07363281347474
"ENSP00000386978.3",1,0.30650921436094
"ENSELUP00000040021.1",1,0.955049238239536
"ENSMUSP00000109568.1",1,1.09642433069796
"YLR221C_mRNA",1,0.895872418203681
"YDR138W_mRNA",1,0.452247012863661
"ENSMUSP00000021424.4",1,0.684458786952109
"FBpp0111448",1,0.896106952604015
"ENSMUSP00000033325.7",1,0.525909178159935
"F13G3.11",1,0.516054830223966
"C02B10.4",1,1.49055058264718
"ENSDARP00000128563.1",1,1.03902029357132
"ENSELUP00000021312.1",1,1.02743054535903
"ENSMUSP00000123447.1",1,0.99662031279115
"FBpp0292502",1,0.741779995270448
"YGL135W_mRNA",1,0.651975785776542
"ENSP00000376167.2",1,1.00606134340971
"YNL224C_mRNA",1,0.787105943088872
"ENSORLP00000042839.1",1,1.08693714065929
"Y39B6A.14",1,1.05341332978052
"YLR309C_mRNA",1,1.49916737279485
"ENSMUSP00000052863.8",1,0.844369719232358
"YFR004W_mRNA",1,0.51582783694401
"ENSP00000438588.1",1,0.839746886503983
"F37C12.13a.1",1,1.30936347191383
"ENSORLP00000015756.2",1,0.933521193189988
"YPR015C_mRNA",1,0.916166672727022
"ENSECAP00000043180.1",1,1.39427949032155
"T07C4.5",1,0.883297882310625
"ENSMUSP00000138252.1",1,0.342501637267339
"ENSDARP00000136246.1",1,0.93371888216134
"ENSECAP00000019499.2",1,1.1711427626847
"R12E2.12",1,0.503162265677067
"YLR250W_mRNA",1,0.969567732406673
"ENSMUSP00000130864.1",1,0.986113795103934
"ENSMFAP00000035168.1",1,1.10024122355317
"FBpp0304573",1,0.665086603302823
"ENSMUSP00000083587.4",1,0.753105344351821
"FBpp0081802",1,0.740466573886663
"Y56A3A.11",1,0.454019063990009
"ENSMUSP00000148443.1",1,0.70195151133957
"ENSMFAP00000041955.1",1,0.869500324928556
"YNR046W_mRNA",1,0.509468797229726
"T10E9.14",1,0.286940257120233
"ENSMUSP00000154972.1",1,1.23438537600715
"ENSMUSP00000020528.7",1,1.17848894689124
"F37B4.7",1,0.519324934990523
"FBpp0077511",1,0.980920071054256
"D1007.7",1,1.05417510115678
"FBpp0072342",1,0.921176648545248
"ENSGALP00000060379.2",1,1.01057553212289
"F46F11.5.1",1,0.398211449173306
"ENSP00000362638.4",1,0.845220193928267
"ENSSSCP00000026561.2",1,1.1830787876526
"ENSBTAP00000020818.4",1,1.12226256993385
"ENSELUP00000032717.1",1,1.15364792957774
"ENSMUSP00000034761.8",1,0.805736031965873
"ENSFCAP00000045043.1",1,0.937575961431551
"ENSEBUP00000024399.1",1,1.02528860108049
"ENSP00000353770.2",1,0.729892467162371
"ENSXETP00000011696.2",1,0.873305247493144
"F33E2.2a",1,1.23797726695559
"Y113G7B.16",1,0.550632413775891
"ENSEBUP00000017728.1",1,1.11914068918683
"FBpp0072239",1,1.06825478160726
"YMR114C_mRNA",1,1.07161944803176
"ENSORLP00000029808.1",1,0.940325148794008
"ENSP00000438404.1",1,0.679961323726411
"ENSELUP00000014769.1",1,0.880900700431518
"FBpp0289808",1,0.798198819740174
"ENSMUSP00000078054.2",1,1.30623269029157
"ENSMUSP00000034411.8",1,0.826855937377172
"ENSP00000335153.7",1,0.968078494084039
"ENSOCUP00000015961.1",1,0.574562233854576
"YFL002C_mRNA",1,0.896963311854789
"ENSP00000386608.1",1,1.08302547008761
"YDR411C_mRNA",1,0.828048713831214
"ENSMUSP00000006112.6",1,1.07190959876913
"YNL263C_mRNA",1,1.09874895129105
"Y55D9A.2b",1,1.01940195136766
"ENSCINP00000005147.3",1,1.15662071199192
"ENSMUSP00000110986.1",1,0.893507658786387
"ENSGALP00000047082.2",1,0.432955659714242
"ENSEBUP00000018766.1",1,0.995713888745355
"ENSXETP00000039091.3",1,0.931254748045052
"ENSP00000475519.1",1,1.44630150569704
"ENSFCAP00000006348.4",1,1.00154406528056
"ENSP00000465242.1",1,1.28868069395844
"ENSP00000407150.1",1,0.751867691213194
"ENSP00000456709.1",1,0.469772909316461
"FBpp0085061",1,1.02621734002142
"ENSMUSP00000031534.6",1,0.898381319692835
"ENSEBUP00000010299.1",1,0.934566220313253
"ENSOCUP00000017569.1",1,0.550045171064855
"ENSORLP00000040753.1",1,0.373572332871495
"ENSEBUP00000006524.1",1,0.82852748407015
"ENSP00000434657.1",1,0.4556282265383
"ENSEBUP00000008801.1",1,0.41607461416812
"ENSXETP00000010688.3",1,0.389646921521312
"K09H9.6",1,1.14598811588263
"YCR088W_mRNA",1,1.22069053953759
"YOL142W_mRNA",1,0.314295028473977
"YLR050C_mRNA",1,0.958467019339056
"YJL125C_mRNA",1,0.857109204134502
"ENSRNOP00000045798.1",1,1.09861662712496
"Y57G11C.9b",1,1.08338903396266
"ENSP00000469123.1",1,1.0445078272252
"ENSCINP00000034255.1",1,1.23971329546666
"FBpp0088837",1,0.643463501042224
"FBpp0304332",1,0.998021806885649
"ZK792.5",1,0.641128006506112
"FBpp0087343",1,0.615844816239492
"ENSP00000383059.3",1,0.771896584361358
"ENSPTRP00000091500.1",1,0.67330018764913
"ENSP00000466111.1",1,1.1218247707849
"ENSMUSP00000143251.1",1,0.784049261679615
"ENSEBUP00000023583.1",1,1.18491794752712
"ENSEBUP00000027846.1",1,1.24176527206886
"FBpp0099391",1,0.869399758067908
"ENSEBUP00000000177.1",1,0.754332394453576
"FBpp0289236",1,1.09912982862205
"FBpp0074801",1,0.754746549147777
"ENSTRUP00000048129.1",1,0.998280166096284
"ENSMUSP00000139314.1",1,0.948156496665504
"ENSGALP00000003392.5",1,1.10931963523202
"ZK546.14a.1",1,1.04727550453245
"ENSMUSP00000015501.4",1,1.06923995205525
"YMR286W_mRNA",1,0.943369394447703
"ENSMUSP00000056154.6",1,1.02573561483271
"ENSP00000457796.1",1,1.25432658784613
"ENSP00000404190.2",1,1.04414923211027
"ENSCPOP00000027573.1",1,1.17226010626733
"ENSFCAP00000034644.2",1,1.26981815170911
"ENSECAP00000016464.2",1,1.34228205222525
"C25A1.7b",1,0.00701092669663128
"ENSTRUP00000056992.1",1,0.733106918215279
"F52G2.3",1,1.31525985773517
"FBpp0309678",1,0.892192921906794
"ENSTRUP00000055440.1",1,0.753782609790156
"ENSEBUP00000010184.1",1,0.698120792125756
"YDR035W_mRNA",1,0.177994645028148
"ENSDARP00000129968.1",1,1.12885735208199
"M142.5",1,0.721459752550994
"ENSCINP00000031539.1",1,0.492317045759204
"YER034W_mRNA",1,1.04292728583732
"FBpp0086333",1,0.933200348177336
"T26A8.4",1,0.86509626524042
"YPR147C_mRNA",1,0.413712419871716
"ENSMUSP00000022226.4",1,0.618223274986598
"ENSGALP00000023951.4",1,0.880253979550988
"ENSRNOP00000072088.1",1,0.939847078483186
"FBpp0083673",1,0.0995180439717056
"ENSDARP00000115004.2",1,1.04835862147057
"YJR105W_mRNA",1,0.264446995079751
"YMR225C_mRNA",1,0.665685356020947
"Y25C1A.8a",1,1.00867135613221
"ENSORLP00000025499.2",1,0.675249207440064
"ENSP00000359293.2",1,1.055828880222
"ENSMUSP00000022998.7",1,1.19790072835617
"F02A9.4a.1",1,0.492241410224872
"ENSXETP00000045977.3",1,0.951346526273271
"YPR113W_mRNA",1,0.755503404272171
"ENSGALP00000048614.2",1,0.804378178580659
"ENSTRUP00000055949.1",1,0.886436408062508
"ENSRNOP00000068456.1",1,0.790297933727024
"ENSEBUP00000018333.1",1,1.04469523984259
"ENSELUP00000028776.1",1,1.1877564273446
"Y40B1B.5",1,0.832246025787172
"YKL186C_mRNA",1,0.45743680201667
"ENSP00000444422.2",1,-0.0777494298007049
"Y61A9LA.8",1,1.18066009515208
"ENSMUSP00000064823.7",1,1.11174052245538
"Y53G8AR.6",1,1.14626148966521
"ENSBTAP00000020671.4",1,0.979472175410524
"C33A12.1",1,0.731064784691743
"FBpp0079668",1,0.893411290894083
"ENSMUSP00000020382.6",1,0.492486966028183
"ENSMUSP00000145808.1",1,0.441281771498234
"ENSEBUP00000014696.1",1,0.54572722470522
"YBR236C_mRNA",1,1.00218139200915
"ENSELUP00000010047.1",1,1.03717808175902
"ENSECAP00000025341.1",1,1.09441329844385
"ENSFCAP00000020815.2",1,0.240958284542651
"ENSMUSP00000138519.1",1,0.548021255272263
"ENSSSCP00000033526.1",1,0.89117354003441
"ENSCPOP00000028463.1",1,0.843003227971571
"ENSMUSP00000084819.3",1,0.928485501697282
"ENSP00000417101.1",1,1.10189994728326
"ENSP00000221265.2",1,1.15345676026377
"ENSEBUP00000007358.1",1,0.694450570666764
"FBpp0307760",1,1.2118498124856
"ENSMUSP00000153030.1",1,0.976810139737842
"ENSELUP00000031681.1",1,1.1503474789251
"ZK1248.15",1,1.07484402004824
"ZK353.6",1,0.374946622262565
"ENSMUSP00000146406.1",1,0.77959241251047
"ENSEBUP00000020173.1",1,1.10400050627585
"ENSECAP00000004398.2",1,0.86938712993444
"ENSCINP00000012774.3",1,1.08036728335457
"ENSELUP00000038409.1",1,0.313098156536824
"ENSECAP00000046182.1",1,1.07613430673768
"ENSCINP00000023007.2",1,0.428256583518337
"FBpp0306291",1,0.694099339936624
"ENSMUSP00000022057.8",1,0.534750508291451
"ENSRNOP00000013961.4",1,0.610681270981471
"ENSP00000457310.1",1,1.05099055670489
"FBpp0080278",1,0.921251547409566
"ENSMUSP00000130430.1",1,0.913901548120025
"ENSORLP00000025990.1",1,1.10504396249372
"ENSEBUP00000009473.1",1,0.717213130846446
"ENSORLP00000005003.3",1,1.15477420410485
"ENSTRUP00000057352.1",1,1.00879179453988
"ENSGALP00000068798.1",1,0.664812474457694
"ENSMUSP00000028205.8",1,0.920158368764895
"ENSMMUP00000018261.2",1,1.07541758073432
"ENSP00000377195.1",1,0.80554059978395
"ENSOCUP00000001786.3",1,1.3381146054733
"ENSMUSP00000153878.1",1,0.81319849945621
"ENSEBUP00000026997.1",1,1.23571511676117
"ENSP00000308000.7",1,1.01013027751391
"ENSP00000380336.3",1,0.805861039107971
"ENSCINP00000033847.1",1,0.576401265057482
"ENSGALP00000016737.4",1,1.13139164799017
"YHR147C_mRNA",1,0.875678743951188
"ENSP00000384872.2",1,1.10861247151835
"ENSPTRP00000092570.1",1,0.838654028051711
"ENSEBUP00000002305.1",1,0.981064554216956
"ENSEBUP00000022665.1",1,0.978087376772992
"ENSP00000416097.2",1,1.19107982255188
"ENSP00000358640.3",1,0.957702273369698
"YOR173W_mRNA",1,0.231840654043033
"ENSOCUP00000003932.2",1,1.03139322963373
"FBpp0078822",1,0.375436721062031
"YDL088C_mRNA",1,0.95264175139739
"ENSOCUP00000007776.3",1,0.887038339357487
"ENSSSCP00000019025.2",1,0.397258160813407
"ENSELUP00000041010.1",1,0.818446618885073
"ENSMUSP00000151518.1",1,0.869759795857681
"ENSP00000494917.1",1,1.01524817726579
"YOR076C_mRNA",1,1.11044672162857
"D1037.1",1,1.07163362815298
"ENSCINP00000026866.2",1,1.13276600294058
"ENSECAP00000005063.2",1,1.04226686627078
"ENSSSCP00000053956.1",1,0.954023548738092
"ENSBTAP00000057411.1",1,0.764968012266069
"ENSOCUP00000015026.3",1,0.45508154495354
"YIR026C_mRNA",1,0.714348598693202
"ENSMFAP00000019500.1",1,1.00499093501723
"FBpp0293521",1,1.07725162888195
"ENSP00000350011.5",1,0.960391755108781
"FBpp0085121",1,1.19497265166342
"ENSORLP00000040907.1",1,1.14214211089709
"ZK1320.6",1,0.427499312299797
"ENSMMUP00000049636.1",1,1.12052551297196
"FBpp0075441",1,0.846611851391832
"ENSORLP00000034073.1",1,0.854686805768242
"FBpp0307746",1,0.905790977266883
"ENSCINP00000028346.2",1,1.15655044707064
"YLR003C_mRNA",1,1.00895157784374
"ENSELUP00000025329.1",1,0.896094029437243
"ENSMUSP00000025178.9",1,0.541387239548021
"ENSP00000251166.4",1,0.989435832811969
"ENSGALP00000065733.1",1,1.12183911094921
"ENSP00000466188.1",1,1.02144172201459
"YDL207W_mRNA",1,1.2333738923389
"ENSP00000443061.1",1,0.677542202176932
"ENSMFAP00000017012.1",1,0.782195908228932
"ENSP00000444082.1",1,1.22174607316921
"ENSBTAP00000062292.1",1,0.914941152192313
"ENSMUSP00000114088.2",1,1.06430195706373
"ENSECAP00000000545.1",1,1.06418821550352
"K02F3.11",1,1.08966919530646
"ENSBTAP00000071276.1",1,0.935573912855048
"ENSEBUP00000009413.1",1,1.15161324474322
"ENSBTAP00000037068.3",1,0.714251828500197
"ENSMUSP00000017153.3",1,0.890175133766723
"FBpp0080510",1,1.05275338255694
"ENSMUSP00000102853.1",1,0.717190836535543
"YGR188C_mRNA",1,0.793938939322758
"YDR087C_mRNA",1,0.696968769826056
"ENSOARP00000018697.1",1,1.24324452411105
"YLR300W_mRNA",1,0.241264722728713
"ENSTRUP00000052950.1",1,0.456601461705806
"ENSMUSP00000098741.4",1,0.913297921252889
"ENSORLP00000033393.1",1,0.826978309081469
"YGL216W_mRNA",1,0.735646610150696
"ENSELUP00000004753.1",1,1.25952065481709
"ENSEBUP00000002844.1",1,1.10326420182345
"ENSTRUP00000006756.2",1,1.20939924088387
"ENSMMUP00000012629.2",1,0.720054184469686
"YDR237W_mRNA",1,0.892818797378697
"YHR025W_mRNA",1,0.509558846256269
"ENSEBUP00000012208.1",1,0.809807872177771
"ENSSSCP00000041676.1",1,0.963053181095602
"ENSEBUP00000001630.1",1,1.0548058497408
"B0205.11",1,0.60449045484922
"ENSPMAP00000003041.1",1,0.989279138304631
"ENSP00000362773.2",1,1.1340080509247
"FBpp0311847",1,0.311978414144556
"YML005W_mRNA",1,0.765176429523198
"FBpp0087322",1,0.869985340815807
"T10B11.3",1,1.05898657237532
"ENSEBUP00000021653.1",1,1.19742457104449
"FBpp0304242",1,1.10323567419211
"ZC395.10.1",1,0.912962883908425
"ENSDARP00000113381.1",1,1.15917369008529
"FBpp0081834",1,0.995577250322683
"ENSBTAP00000073709.1",1,1.06302536603043
"YNR029C_mRNA",1,0.446096917547845
"ENSP00000352210.4",1,0.924101008698077
"FBpp0074756",1,1.00260398740597
"ENSP00000361408.3",1,0.808311417148756
"FBpp0310167",1,1.00681949453752
"ENSCINP00000035759.1",1,0.73405405410014
"YDL224C_mRNA",1,0.975365657984606
"ENSP00000438255.1",1,0.754827358126713
"ENSP00000493530.1",1,1.14404119682699
"W10D5.2.1",1,0.6395182848711
"ENSMUSP00000135039.2",1,1.09196695845718
"ENSCINP00000034095.1",1,1.00534900281932
"F58F12.1",1,0.690920460641391
"ENSP00000274849.1",1,1.02664464277666
"FBpp0292970",1,0.978262859137437
"ENSTRUP00000056517.1",1,0.861034827529136
"ENSEBUP00000000611.1",1,0.79968891735183
"YBR039W_mRNA",1,0.67174310518897
"ENSDARP00000137804.1",1,1.13269401845751
"ENSP00000419417.1",1,0.958507950757022
"Y55F3AM.12",1,0.867073853131472
"ENSECAP00000015325.2",1,0.93648315689438
"ENSEBUP00000004268.1",1,0.854231497901197
"ENSORLP00000008060.1",1,0.713429936447879
"ENSEBUP00000024283.1",1,1.25824931902735
"ENSEBUP00000014184.1",1,1.20843321618039
"ENSCPOP00000030429.1",1,1.03709442382218
"FBpp0076458",1,1.08750541838717
"ENSONIP00000018515.1",1,1.12334658191969
"ENSOANP00000013611.2",1,1.09979523965005
"YHL013C_mRNA",1,0.881657056066725
"ENSDARP00000145801.1",1,1.24580860633002
"W03C9.7a.1",1,0.847430803481791
"YFR010W_mRNA",1,1.00077539628882
"ENSMUSP00000123195.1",1,0.819041616817821
"ENSP00000430046.1",1,1.44906228667698
"YNL299W_mRNA",1,1.02432060897452
"ENSP00000254654.3",1,0.836198189550417
"ENSEBUP00000000731.1",1,0.844830377392826
"ENSEBUP00000016802.1",1,0.465572467343089
"ENSP00000468878.1",1,1.1670726206974
"ENSP00000446665.1",1,1.17301406035508
"ENSORLP00000028920.1",1,0.804591438974673
"ENSMUSP00000022163.8",1,0.950741625597986
"FBpp0312012",1,0.754166604176087
"ENSECAP00000035996.1",1,0.658395680024168
"ENSP00000458604.1",1,1.09168862522267
"YIL033C_mRNA",1,0.976575385784533
"ENSP00000484216.1",1,0.742568460373791
"ENSMUSP00000034085.7",1,0.756811395664607
"YNL118C_mRNA",1,1.02989231807262
"ENSFCAP00000032788.2",1,0.776585630960709
"ENSMUSP00000138292.1",1,1.12759623343766
"ENSMUSP00000031097.7",1,1.19669615025541
"ENSORLP00000025493.2",1,1.02460481403389
"ENSORLP00000045247.1",1,0.895846037056094
"ENSMUSP00000055485.6",1,1.1972974372613
"ENSP00000357748.5",1,0.880595779809877
"ENSEBUP00000019778.1",1,1.09604673984312
"ENSP00000402760.2",1,1.0182968542173
"ENSP00000478061.1",1,0.523873710531304
"FBpp0078568",1,1.18904400279708
"ENSMUSP00000026841.8",1,0.921573813677247
"Y37D8A.9b",1,0.669299970431832
"ENSMUSP00000152897.1",1,1.09220786755787
"FBpp0086223",1,0.784970402379127
"ENSMUSP00000025567.7",1,0.596068209882957
"ENSMUSP00000111476.1",1,0.920077001304368
"ENSP00000260643.2",1,0.932741254859229
"ENSP00000378400.3",1,0.957523307540943
"FBpp0080264",1,0.955482468498221
"YJL123C_mRNA",1,1.13779597188698
"Y43F8C.8",1,0.861826175777287
"ENSOCUP00000025299.2",1,1.07718435474383
"ENSP00000368565.3",1,1.04885768263456
"ENSOARP00000016193.1",1,0.408883098783935
"FBpp0074992",1,0.668382686011359
"ENSBTAP00000070412.1",1,0.540831002343988
"ENSEBUP00000023259.1",1,0.93406258780004
"ENSELUP00000026507.1",1,0.989906908176924
"YDR175C_mRNA",1,0.759431893531724
"B0393.4",1,1.08399505538599
"ENSRNOP00000076189.1",1,0.494050346026824
"ENSCPOP00000017404.2",1,0.854980965975951
"YJR051W_mRNA",1,0.600849056393201
"ENSBTAP00000068990.1",1,0.722534862084383
"ENSP00000410992.2",1,0.797987739967956
"ENSXETP00000062931.1",1,1.48277016337287
"ENSFCAP00000028992.1",1,1.16542479037156
"YPL116W_mRNA",1,0.868323987888082
"FBpp0072848",1,0.846957505024775
"ENSP00000427123.1",1,1.08597276961216
"YBL090W_mRNA",1,0.842094920507513
"FBpp0083716",1,1.20168890871518
"ENSP00000358633.2",1,0.47126379357298
"ENSECAP00000020620.2",1,1.00864431638871
"YER178W_mRNA",1,0.480193693904204
"YDR194C_mRNA",1,0.882037454492379
"ENSP00000278618.4",1,0.70523918257362
"ENSGALP00000069326.1",1,1.08653661757007
"ENSMFAP00000012738.1",1,1.06844161769381
"ENSP00000388567.1",1,0.687353345169823
"YDR177W_mRNA",1,0.189785599481853
"ENSONIP00000002631.1",1,1.15304930866086
"ENSP00000460070.1",1,1.1380273142887
"ENSBTAP00000059621.1",1,1.07655744825236
"YMR213W_mRNA",1,1.00106317913501
"ENSP00000320917.8",1,0.970035094761268
"ENSEBUP00000009653.1",1,0.984220850253101
"ENSMUSP00000096670.3",1,0.81290442328959
"ENSFCAP00000037947.2",1,0.76299429703648
"ENSGALP00000061169.1",1,1.02156548133425
"ENSMUSP00000025385.6",1,0.892701423813362
"ENSCINP00000026281.2",1,0.0855397090592151
"ENSCINP00000022114.2",1,1.09654249375154
"W10G6.3",1,1.0209200545509
"Y53C12B.3b",1,1.0928657595384
"YOR113W_mRNA",1,1.22046023534998
"DY3.4a.1",1,0.954042766101404
"ENSGALP00000048745.2",1,1.10570199366105
"YLR435W_mRNA",1,0.946143468238984
"ENSMUSP00000068403.4",1,0.316595199466317
"ENSMUSP00000145983.1",1,0.34750369269207
"C25A1.4.1",1,1.16167388284869
"ENSEBUP00000015120.1",1,0.788865728237126
"ENSECAP00000008855.2",1,1.0661110218272
"ENSMUSP00000112259.2",1,0.906568557672093
"FBpp0086385",1,1.01974007894812
"ENSOCUP00000023794.2",1,1.00923257480913
"YGL208W_mRNA",1,0.945225719525738
"YOL095C_mRNA",1,0.631543802592786
"FBpp0309303",1,0.817612910611062
"ENSP00000354730.1",1,1.27229293206075
"ENSP00000417104.1",1,0.776501340088536
"YDR121W_mRNA",1,0.75593239209125
"YOR166C_mRNA",1,0.888711191658813
"ENSGALP00000001460.5",1,1.14463619240673
"ENSP00000475342.1",1,0.478496614248403
"H05C05.4",1,1.03693561603446
"YGL110C_mRNA",1,0.954499909343467
"ENSP00000216330.3",1,0.827931748848168
"F22B3.2",1,0.863909629196796
"ENSELUP00000017648.1",1,1.09535001888478
"ENSSSCP00000046048.1",1,0.229023221111184
"ENSXETP00000037013.2",1,0.621693959609143
"ENSELUP00000041209.1",1,0.551124771296671
"ENSFCAP00000046581.1",1,1.05181320827542
"ENSXETP00000004125.2",1,0.853164393159879
"YJL148W_mRNA",1,0.894208528833182
"ENSEBUP00000003135.1",1,0.599147558907836
"F53G2.6",1,1.23136294231236
"FBpp0090943",1,1.12999466950826
"ENSP00000473968.1",1,1.37753889776817
"ENSP00000333920.2",1,0.819323626729566
"F19F10.9",1,1.12876102375874
"Y94H6A.5b",1,1.32945184147612
"ENSMUSP00000133497.1",1,0.466428370967466
"YER050C_mRNA",1,0.898394845353114
"ENSECAP00000018793.2",1,1.19873888898351
"ENSPMAP00000001709.1",1,0.67100935495317
"ENSEBUP00000009032.1",1,1.59773887224965
"YDR333C_mRNA",1,0.94011143326088
"ENSMMUP00000012916.3",1,0.450304185917799
"ENSGALP00000051671.2",1,1.54560341311263
"ENSGALP00000072793.1",1,1.19817627786591
"ENSP00000388147.1",1,0.708733599997631
"ENSELUP00000003045.1",1,0.874008636956328
"ENSGALP00000070249.1",1,1.07454044358784
"ENSMUSP00000115940.1",1,0.972273837681318
"ENSXETP00000063027.1",1,0.902643858977705
"ENSXETP00000028564.3",1,0.897082915235124
"ENSFCAP00000049183.1",1,0.845207524400379
"ENSTRUP00000012405.2",1,0.981643778195324
"F56D12.5b",1,1.04541956369922
"ENSFCAP00000028855.1",1,0.841537554497342
"YER002W_mRNA",1,0.990233523977683
"ENSMFAP00000027897.1",1,1.03416121370019
"YML070W_mRNA",1,0.235962324797331
"ENSP00000309714.5",1,1.12353603446814
"FBpp0075068",1,0.510934495372949
"YCL036W_mRNA",1,0.97969611942632
"ENSRNOP00000064456.1",1,1.05166529925775
"ENSP00000361777.4",1,1.06504853661834
"ENSP00000435186.1",1,1.25791925487596
"ENSRNOP00000042427.1",1,0.894973074106671
"ENSP00000430164.1",1,0.902926589206968
"ENSMUSP00000138533.1",1,0.542460760457938
"ENSORLP00000016619.2",1,1.10168050166232
"FBpp0076478",1,0.818921559712542
"FBpp0082593",1,1.15184733149381
"ENSEBUP00000014295.1",1,1.16557793270431
"F54F2.5a",1,1.19930322574645
"E02D9.1a",1,0.539588976212025
"ENSPTRP00000074964.1",1,0.200591444016161
"FBpp0085891",1,0.665412491724351
"YGR279C_mRNA",1,0.634593666938908
"ENSMGAP00000002310.2",1,1.03739166169939
"FBpp0081662",1,1.034687117672
"ENSMUSP00000103038.1",1,1.18630394965402
"YNL168C_mRNA",1,0.591980508872612
"ENSSSCP00000025799.2",1,1.05774797342587
"ENSOCUP00000013482.2",1,0.972464109542474
"ENSMUSP00000132822.1",1,0.516225444941915
"FBpp0077444",1,0.878133572306447
"ENSEBUP00000002649.1",1,1.03305233106281
"YLR355C_mRNA",1,0.254668721564544
"ENSP00000478298.1",1,1.52377873225483
"ENSMUSP00000007216.8",1,1.15299550431372
"ENSMUSP00000154177.1",1,0.906974214489035
"YOR258W_mRNA",1,0.632790967343897
"ENSBTAP00000073831.1",1,0.620516929397647
"ENSMUSP00000027863.7",1,0.719942247104753
"ENSMUSP00000046340.4",1,0.986423106611933
"FBpp0306565",1,1.04325668661922
"ENSTRUP00000037245.2",1,0.914106955540361
"YML025C_mRNA",1,0.913242732518077
"ENSTRUP00000052670.1",1,0.42530819550408
"ENSELUP00000034249.1",1,1.22747832922564
"ENSP00000447699.1",1,0.869791281208242
"YDR351W_mRNA",1,1.07608472756705
"ENSXETP00000015721.3",1,0.986469137834419
"FBpp0070761",1,1.21666641070977
"ENSP00000448919.1",1,0.990781379348753
"B0432.3",1,0.653519391277045
"FBpp0111393",1,0.820505450932144
"ENSMUSP00000047333.8",1,1.00455193872046
"Y37E3.10a",1,0.769411206917794
"ENSELUP00000037715.1",1,0.759975031768506
"ENSMUSP00000130608.1",1,0.703779882870825
"YLR426W_mRNA",1,0.681951042572251
"ENSCINP00000000259.3",1,1.02379947810386
"ENSBTAP00000011015.6",1,0.989592924310506
"ENSECAP00000040954.1",1,0.994454494289986
"ENSXETP00000023055.2",1,0.561655144139584
"ENSCINP00000013256.3",1,0.840576044156334
"F28C1.1",1,1.05703522584883
"ENSORLP00000006399.2",1,0.894595159904035
"YJR139C_mRNA",1,0.275673082512787
"ENSFCAP00000022409.3",1,1.07977947980511
"ENSP00000388515.1",1,0.659655228555066
"YDL209C_mRNA",1,1.01492868354857
"ENSGALP00000067733.1",1,1.03716088637067
"R53.4",1,0.82563757536503
"ENSTRUP00000048361.1",1,0.869536032162159
"ENSECAP00000032515.1",1,0.980401993428982
"ENSECAP00000011787.2",1,1.18531478933499
"ENSCINP00000026215.2",1,0.747361252602267
"ENSEBUP00000003611.1",1,0.915058954731314
"ENSEBUP00000012980.1",1,0.850561964949548
"ENSP00000311766.7",1,0.972340736277587
"YML106W_mRNA",1,0.105617309937121
"YDL074C_mRNA",1,0.904395411028137
"ENSMMUP00000033134.2",1,0.949928239097492
"ENSP00000407410.3",1,1.05191634824235
"ENSP00000272444.3",1,1.18781020995276
"ENSP00000410833.2",1,0.19068186814176
"YPL212C_mRNA",1,0.882301178316335
"ENSSSCP00000044329.1",1,1.2712054783753
"ENSEBUP00000022375.1",1,0.28107341819662
"ENSCINP00000024617.2",1,0.930723727733903
"YPR144C_mRNA",1,0.771612240923605
"ENSOCUP00000007108.3",1,0.911579045354892
"K08F4.2",1,1.08292896607496
"ENSSSCP00000039525.1",1,1.02588171268813
"ENSEBUP00000024100.1",1,1.23929836522098
"FBpp0086142",1,0.680910330428205
"YJR016C_mRNA",1,0.667970599538124
"ENSEBUP00000026955.1",1,1.06123865791778
"C26F1.7b",1,0.752629522005907
"ENSCINP00000026142.2",1,1.06337916383623
"YER142C_mRNA",1,0.379257047715498
"ENSCINP00000020205.3",1,0.667073436776702
"ENSMFAP00000018754.1",1,1.22908091339518
"ENSMMUP00000010902.2",1,1.05878880307054
"C41D11.7",1,0.858400099183044
"C37C3.2b",1,1.27279784623675
"FBpp0085282",1,0.445123464933626
"YLR100W_mRNA",1,0.430024989710162
"C06E1.9",1,0.766465641656146
"ENSXETP00000062194.1",1,0.805455057860125
"YNL180C_mRNA",1,1.33312379041607
"ENSMUSP00000124119.1",1,0.713558337894811
"ENSDARP00000153408.1",1,0.971699117178043
"ENSCHIP00000009726.1",1,0.881025957424081
"ENSP00000490674.1",1,1.00792597942645
"FBpp0073672",1,0.523449518703387
"ENSMMUP00000053978.1",1,0.949292224832626
"ENSEBUP00000004097.1",1,1.0434382375571
"ENSORLP00000004418.2",1,0.870683275467831
"ENSORLP00000017383.2",1,0.80288703976812
"ENSDARP00000078381.4",1,0.718806358408676
"ENSRNOP00000061254.1",1,1.13009337650102
"ENSRNOP00000055946.3",1,1.531212485491
"YOR308C_mRNA",1,0.76725977458053
"ENSMUSP00000020579.7",1,1.16557670350599
"ENSDARP00000073556.4",1,0.805396088174488
"C23H3.3b",1,0.97614483660238
"ENSCINP00000008926.3",1,0.866146826886354
"ENSDARP00000126062.1",1,1.13498423876179
"YPL228W_mRNA",1,1.03805622542194
"ENSMUSP00000052905.3",1,0.436933081966108
"F32D1.9b.1",1,1.01936567574477
"ENSDARP00000075762.3",1,1.04280036863877
"ENSP00000264167.4",1,0.612310673972454
"FBpp0070871",1,0.725010933707571
"ENSCINP00000007991.3",1,1.0421075571166
"ENSEBUP00000026599.1",1,0.0501387333958226
"ENSMUSP00000034740.7",1,1.02984858218682
"ENSP00000351049.2",1,1.02061635746301
"ENSELUP00000025333.1",1,0.878409215816363
"ENSCHIP00000028361.1",1,0.69369733034307
"ENSDARP00000126734.1",1,0.997653219407974
"ENSEBUP00000019304.1",1,1.10994505131182
"ENSGALP00000006050.6",1,0.90833797719189
"ENSELUP00000033930.1",1,1.02964165748268
"ENSP00000345656.4",1,0.843336532648605
"ENSEBUP00000013732.1",1,0.809224198307174
"ENSCINP00000010046.3",1,1.04085758867773
"ENSP00000357876.4",1,0.998960155495093
"ENSMUSP00000140949.1",1,1.62632719311634
"FBpp0076430",1,1.2650315764293
"F58B3.4.1",1,1.06657965832156
"ENSMFAP00000012984.1",1,0.939064736639097
"ENSORLP00000031664.1",1,0.952270864133231
"ENSP00000414865.1",1,1.22732599024126
"YMR004W_mRNA",1,0.920883522966414
"FBpp0307181",1,0.598293641008819
"ENSEBUP00000000521.1",1,1.12578339143683
"ENSOANP00000032651.1",1,0.827451909718888
"ENSEBUP00000027030.1",1,1.03971234360874
"ENSORLP00000019212.2",1,0.777185013363247
"ENSXETP00000014618.1",1,1.15176773540093
"ENSGALP00000068536.1",1,0.918164436115239
"ENSP00000340029.6",1,0.970713611887213
"ENSP00000265107.4",1,1.01186969495195
"ENSOCUP00000007977.2",1,1.12160542016244
"ENSONIP00000026524.1",1,1.15986884485563
"ENSMUSP00000099363.1",1,1.0340104077175
"Y57A10A.25",1,0.427127454526738
"ENSMUSP00000038166.6",1,0.679739703802406
"R07B1.4",1,0.0530142160082465
"FBpp0086370",1,0.230161021650812
"ENSMUSP00000140610.1",1,1.05342932032901
"F25D7.3a",1,0.857204160390234
"ENSMUSP00000115245.1",1,0.720149532978374
"C43E11.1",1,1.02057197234805
"Y48G1C.9.1",1,0.341584915467881
"ENSECAP00000032726.1",1,0.891897174978587
"FBpp0074789",1,1.06162351505918
"FBpp0086603",1,0.641998056165011
"ENSMFAP00000006425.1",1,0.740605159113098
"ENSELUP00000034526.1",1,0.923516119528114
"ENSGALP00000056851.2",1,0.972327791412634
"ENSORLP00000021404.2",1,1.08918518820575
"ENSTRUP00000031618.2",1,0.675736613230314
"ENSCHIP00000016569.1",1,0.964487410530053
"ENSECAP00000016534.2",1,1.2153085816364
"FBpp0305272",1,0.596206722586745
"ENSDARP00000034794.4",1,1.15199310187852
"ZK632.14",1,0.659662182600446
"ENSBTAP00000054873.2",1,1.00637388308402
"YDR041W_mRNA",1,0.568412777471968
"ENSEBUP00000014346.1",1,1.20046354104207
"YMR124W_mRNA",1,0.896069676325334
"FBpp0310356",1,0.974148902289446
"FBpp0086549",1,1.17088780364901
"FBpp0112131",1,0.993282874421222
"ENSP00000463823.1",1,1.27280013490257
"E02D9.1c",1,1.06799364979307
"ENSP00000346550.5",1,0.536619965235323
"YML046W_mRNA",1,0.764160947688267
"ENSRNOP00000024239.5",1,0.880787473470661
"FBpp0084971",1,0.750076410452244
"R05D11.8",1,0.992858267314793
"ENSP00000299601.5",1,0.913066219018585
"ENSMUSP00000102160.4",1,1.0569064858713
"YBR127C_mRNA",1,0.454958733451314
"F32A7.4",1,0.954191854856702
"T28F2.4a",1,0.838084479470888
"ENSGALP00000009922.6",1,1.02381295791733
"ENSDARP00000157373.1",1,0.986363055293498
"ENSP00000404414.1",1,1.14713379670441
"FBpp0078639",1,0.492871150448259
"ENSTRUP00000049602.1",1,0.452312120791177
"F42C5.6",1,1.1645979932401
"ENSEBUP00000022719.1",1,0.973750111454089
"F56D12.5a.1",1,0.967660398536832
"FBpp0072767",1,0.251521766296419
"ENSONIP00000014304.1",1,0.954483242954454
"K09A9.5",1,0.530941483721623
"YBL074C_mRNA",1,0.384025980728882
"ENSBTAP00000000356.6",1,1.23664555443467
"ENSELUP00000021946.1",1,1.11695311649031
"ENSP00000428436.1",1,0.98465617946883
"ENSMUSP00000010085.3",1,1.0555554887521
"ENSBTAP00000036040.2",1,0.72707516278169
"ENSMGAP00000002703.2",1,0.615253237170164
"ENSMUSP00000055743.7",1,0.221559941740521
"Y57A10A.13",1,0.923263822253083
"ENSORLP00000007876.2",1,1.18929663185915
"ENSEBUP00000008815.1",1,1.21478491224212
"FBpp0086617",1,1.24889064639762
"ENSP00000351990.4",1,0.484680090546734
"ENSDARP00000137401.2",1,1.2735495912729
"ENSMUSP00000121090.1",1,1.19127243152981
"FBpp0075617",1,1.27953351157813
"ENSOANP00000007275.3",1,0.914945515297288
"YHL010C_mRNA",1,0.859061996665548
"ENSSSCP00000018801.2",1,0.991925696471025
"ENSXETP00000061883.1",1,0.811333768164777
"T22E5.5.1",1,0.87699872780664
"ENSP00000428554.1",1,0.83255892149466
"T04A8.11",1,0.744469988426443
"ENSP00000489718.1",1,0.252718557032768
"ENSP00000368887.3",1,0.897773264446115
"ENSP00000429771.1",1,0.337025109395205
"ENSCINP00000008664.3",1,1.43286705496026
"ENSELUP00000040999.1",1,1.18394277324749
"ENSORLP00000021016.2",1,0.817239031221204
"ENSDARP00000031774.8",1,1.17291654002251
"ENSCPOP00000022770.1",1,1.10190737557397
"F43D9.6",1,-0.0201141584534368
"YGL200C_mRNA",1,0.908556181538789
"ENSMUSP00000005504.8",1,0.582875076533826
"ENSP00000252934.4",1,0.706070150208396
"YMR147W_mRNA",1,0.809324339909535
"ENSMUSP00000023666.4",1,0.872908532787771
"ENSCINP00000020185.3",1,0.535833921866627
"ENSMUSP00000130478.1",1,0.812277625792819
"ENSMUSP00000150296.1",1,0.874282786667097
"YGL064C_mRNA",1,1.16444964256194
"ENSMUSP00000040180.8",1,0.869428058918584
"ENSMFAP00000020379.1",1,0.910071357911185
"YGL011C_mRNA",1,0.166361104818289
"YNL286W_mRNA",1,0.834871244020672
"ENSMUSP00000075018.6",1,0.761564520452786
"ENSTRUP00000051445.1",1,0.999289630848017
"ENSP00000407385.1",1,1.13687216603375
"ENSCINP00000001301.3",1,0.778796253284416
"FBpp0310061",1,0.738352585426527
"ENSORLP00000039635.1",1,0.781331880470434
"ENSDARP00000088311.4",1,1.12099287797398
"YDR347W_mRNA",1,0.692116337998959
"ENSP00000432895.1",1,0.840960152313757
"YHR042W_mRNA",1,0.458058221872545
"ENSSSCP00000027661.2",1,1.17851217418259
"B0513.2a.1",1,0.738609327203806
"ENSEBUP00000005142.1",1,0.887130378363903
"ENSEBUP00000001925.1",1,0.940072999298037
"ENSOCUP00000004129.3",1,0.981158769526352
"ENSXETP00000031474.2",1,0.50823891950738
"ENSEBUP00000026125.1",1,0.907846840586403
"YLR134W_mRNA",1,0.0370208461454145
"ENSP00000411418.1",1,0.667334720146873
"ENSDARP00000118896.1",1,0.91913821283686
"ENSEBUP00000025645.1",1,0.940547298768452
"ENSORLP00000039861.1",1,1.1278971028127
"ENSOANP00000033193.1",1,0.354172882887576
"ENSP00000200135.3",1,0.767213074619757
"ENSELUP00000019408.1",1,1.05077978712253
"ENSELUP00000040431.1",1,0.909934654312025
"ENSMUSP00000139480.1",1,0.379789598675566
"ENSGALP00000067868.1",1,0.724551141703004
"ENSRNOP00000007870.4",1,0.447831146670579
"YCL051W_mRNA",1,1.18008998959819
"YLR017W_mRNA",1,0.377938887122764
"ENSMUSP00000113465.1",1,1.02203657601474
"ENSECAP00000020563.2",1,0.98970254162388
"FBpp0084169",1,0.83953695090197
"C18D11.4a.1",1,0.931144914564603
"ENSMUSP00000005647.3",1,0.551765490572985
"ENSXETP00000009744.3",1,1.10498188399796
"B0035.2",1,0.732994387138978
"FBpp0088297",1,1.0428920206257
"ENSMUSP00000029416.7",1,0.902170952920969
"ENSGALP00000004303.5",1,1.14194963708635
"YLR318W_mRNA",1,0.903104974791591
"YNL048W_mRNA",1,0.190098661204316
"ENSECAP00000041789.1",1,1.12274793813348
"ENSEBUP00000011983.1",1,0.87724356616366
"C52E4.2c",1,0.621964339507837
"ZK686.4",1,0.904170162198096
"ENSP00000497149.1",1,0.732678302325863
"ENSMMUP00000026932.2",1,0.992593095083791
"ENSP00000453723.1",1,0.598311048088409
"ENSONIP00000002889.1",1,0.437739193127054
"FBpp0309613",1,0.357948317256189
"ENSMUSP00000092993.5",1,0.861273457534542
"ENSSSCP00000036263.1",1,0.766190829596832
"ENSP00000319469.7",1,0.622759450770224
"C27B7.5",1,0.789484628328986
"ENSEBUP00000022028.1",1,1.00697593062337
"ENSMUSP00000143438.1",1,0.455067129272895
"ENSELUP00000001120.1",1,1.0446129225837
"ENSONIP00000012466.1",1,1.09385781036519
"C56G2.6c",1,0.47710892693783
"ENSFCAP00000038358.1",1,0.816220169835415
"ENSEBUP00000008377.1",1,1.17638113698192
"ENSGALP00000070825.1",1,0.721673238211299
"ENSEBUP00000027048.1",1,0.955891961338033
"YDR088C_mRNA",1,1.09123126901109
"ENSDARP00000141593.1",1,1.28521218671843
"F09E5.3",1,0.407339623016455
"ENSELUP00000028809.1",1,1.11788557502427
"ENSDARP00000150575.1",1,0.929647277728836
"ENSECAP00000019542.2",1,0.167487826014881
"YDR049W_mRNA",1,1.18494021420503
"ENSDARP00000118446.1",1,0.836636678530081
"YNL189W_mRNA",1,0.757671275856122
"C23H3.9b.1",1,1.24837464524274
"T06A10.1a",1,0.839903775799884
"ENSCINP00000032272.1",1,1.20178726740417
"ENSP00000462702.1",1,0.718148308777629
"K07A1.15",1,0.691833794244185
"FBpp0079479",1,0.768274448316454
"FBpp0088574",1,1.27175088814647
"ENSP00000468424.1",1,0.639866482965963
"ENSOCUP00000026257.1",1,0.86076249638156
"ENSMMUP00000052135.1",1,1.06762602109682
"ENSCINP00000005260.3",1,0.923399822556939
"ENSECAP00000006375.2",1,0.987826075491288
"ENSOCUP00000010752.2",1,1.0976740092754
"Y108F1.5",1,0.626612011616758
"YCR009C_mRNA",1,0.25708718365119
"ENSTRUP00000056699.1",1,0.759164988669644
"ENSOARP00000020519.1",1,1.09848311522018
"ENSXETP00000062504.1",1,0.122592895387324
"ENSDARP00000124063.1",1,1.36586598026536
"ENSEBUP00000025371.1",1,1.07029167064907
"ENSMUSP00000105871.1",1,1.18729225124943
"ENSGALP00000019945.6",1,1.07390501333659
"ENSMUSP00000065113.6",1,0.712054996436588
"ENSEBUP00000001658.1",1,0.633578673586746
"ENSMMUP00000048136.1",1,0.853329759949046
"ENSECAP00000027553.1",1,1.02470683024865
"ENSGALP00000014708.6",1,0.785698664515396
"ENSORLP00000005385.2",1,1.03162371731402
"ENSCINP00000011919.3",1,1.09854139470273
"ENSOANP00000010999.2",1,0.648245011988056
"T21C12.2",1,0.163299282485406
"ENSMUSP00000010248.3",1,0.816375663724264
"FBpp0076868",1,1.08622306488553
"ENSP00000434260.1",1,1.27122282891423
"YML074C_mRNA",1,1.04543280586397
"FBpp0084078",1,0.987464973511089
"YFR044C_mRNA",1,0.251089303540707
"ENSP00000356548.5",1,1.10489785571792
"YMR083W_mRNA",1,0.48066519944914
"ENSORLP00000002804.2",1,1.33628960214765
"ENSP00000339637.4",1,1.1967870688396
"ENSPTRP00000077277.1",1,0.581488388455865
"ENSP00000268717.5",1,0.75525885591968
"ENSMUSP00000133244.1",1,1.04458057414364
"ENSP00000443475.1",1,0.647800359983334
"ENSORLP00000029500.1",1,0.187221075578723
"F16D3.2.1",1,0.97462942812798
"T20G5.11",1,1.0105498136022
"T27F2.3",1,0.681508303635432
"ENSBTAP00000006406.3",1,0.9352395391745
"ENSORLP00000018031.2",1,0.96457427384414
"ENSFCAP00000005719.5",1,1.03650912917978
"C30B5.3",1,0.968806681790574
"ENSORLP00000028161.1",1,1.0847995693813
"YHR073W_mRNA",1,0.790699632859804
"ENSP00000446745.1",1,1.13869498575421
"ENSMUSP00000026239.6",1,0.88354922615037
"YGL202W_mRNA",1,0.209236922048698
"ENSDARP00000134026.1",1,0.920268837740913
"ENSP00000441925.1",1,0.794551368553273
"ENSBTAP00000070260.1",1,1.33289770656219
"ENSTRUP00000028337.2",1,1.24371877991604
"ENSCINP00000035001.1",1,0.144344487996431
"R74.5a.1",1,0.971856343919632
"ENSDARP00000154708.1",1,1.06334031444197
"ENSECAP00000021570.2",1,1.00104373849844
"ENSOCUP00000013485.3",1,0.569824634863123
"3TGXB",0,0.777638950694508
"3CX5C",0,0.54141800844399
"4V00A",0,0.397370739047717
"5CYAA",0,0.758238257711842
"3AJ7A",0,0.143364354450859
"5HJQA",0,0.18976843711129
"3NR5A",0,-0.208694729411581
"3A4RA",0,-0.101475200365892
"4DO4A",0,0.0660314426273768
"6OC0A",0,0.0603718389516981
"3HL4A",0,0.399881658041297
"3PE6A",0,0.440937357395459
"6W32A",0,-0.135915131564353
"3H4LA",0,0.130779265122962
"4RE1C",0,0.0544878161324772
"6SF3A",0,0.262586218636648
"3PYCA",0,0.068843845113113
"4OI4B",0,0.255779695587534
"1WPAA",0,-0.000535203167435772
"3FEGA",0,-0.126871688990519
"5VNYA",0,0.109521150558259
"4XRMA",0,0.272857618310574
"5X6VG",0,0.251796069256882
"3PLUA",0,0.0817637144414706
"7CC7A",0,-0.119102200345014
"2I7XA",0,1.16565249868833
"5JJAA",0,0.0251813985882334
"5GTUA",0,0.0360052880070811
"5JEAI",0,0.350144793551824
"6OB7A",0,0.60223273366448
"2ICCA",0,-0.0227140120701671
"2YLEA",0,0.264328274725418
"4XNHC",0,0.41738633024987
"6ZZZA",0,0.20799974808701
"6P28A",0,0.0261693661755337
"7MU2A",0,0.646735466847986
"5T6JB",0,0.137394974100218
"5N9GC",0,0.321223800486079
"6P0QA",0,0.270437545159573
"3FM0A",0,0.965190341197642
"6TVEP",0,0.0945431164246632
"4B5OA",0,0.23765668441307
"6HFMA",0,0.00256059095344219
"5D22A",0,-0.055021416608932
"5N8AX",0,-0.0331728179702763
"6B9HA",0,-0.0642715499036291
"7NZ9A",0,0.122420274098043
"5J1SA",0,0.492498285546869
"6J4PA",0,0.120023085692862
"6P2DA",0,0.423062822484301
"6JV7A",0,-0.111039048247501
"6HI2A",0,0.542191962519068
"7ALKA",0,0.215510702099741
"5WWOC",0,0.327759833744109
"4AY9B",0,-0.0934814167931322
"5Y58A",0,0.548715776363549
"6OH9A",0,0.295715562306724
"5HKPC",0,0.405682950893217
"6TL7A",0,-0.080196112796911
"4ZR1A",0,0.606793629242962
"7JJKA",0,0.225031667164813
"3CX5B",0,0.0353751951586866
"2X4DA",0,0.0657340842986299
"6FOAA",0,0.255853991055412
"7JV7B",0,-0.00374291424659734
"3HM6X",0,0.305002063169173
"6SN1B",0,0.680711971528764
"6IWVA",0,0.0682000309540287
"3UC9A",0,0.137496728741484
"6YPCI",0,0.641517364297526
"4S0UC",0,0.125578295034398
"6L0OA",0,0.309423733506813
"6RB4A",0,0.344789955080624
"3TERA",0,0.144164567508716
"1PDUA",0,-0.107066944932521
"6AIKA",0,-0.00485665229586696
"6RRVA",0,0.0225006584457083
"6AC0A",0,-0.0685798907651787
"4YOMA",0,0.122170877205383
"7ME5A",0,0.153288652683558
"4CRUB",0,0.0107669436491234
"5I6RA",0,0.953224023900145
"7O06C",0,-0.00113088346108881
"3V7DA",0,0.139673319513065
"1I4WA",0,0.105280273502465
"5U1TB",0,0.991585895755852
"4TRKA",0,0.798431387775935
"6QSWAAA",0,-0.046727080202404
"5HDWA",0,0.0445487910339717
"5LE5H",0,-0.0294737691428292
"6Y4LB",0,0.168611839881177
"4EGCB",0,1.74815714231169e-05
"6ZAYC",0,0.711792765534998
"1NNLA",0,0.144545884159886
"5DJ4A",0,0.400713313617963
"6GBIA",0,0.0396404067992692
"6IUHA",0,-0.0250804517133622
"2IFUA",0,0.342406922353331
"1RG8A",0,0.00378844267671191
"3DLQR",0,-0.0424559683244042
"6FNZA",0,0.0691113907421648
"2HZMB",0,0.362361715259587
"1SO7A",0,0.049237576847566
"5M48A",0,0.168692583776562
"4OF6A",0,-0.0501154491742202
"5R8QA",0,-0.0702321300185137
"5W7BC",0,0.234732952616659
"6NRXA",0,0.0720357933305405
"6ER1A",0,-0.0538919438504378
"2D3DA",0,0.191396785955366
"5K19A",0,0.589747838633582
"7C4HA",0,0.734159116430091
"4HNEA",0,0.25869536812958
"2ARJQ",0,0.146999990517047
"2IBGA",0,-0.166379748072993
"5AQMB",0,-0.00553197219474671
"6UDVA",0,0.105078469470906
"2AXQA",0,0.0030336495490686
"7ASVA",0,0.95739707069183
"3UN9A",0,0.191010848284524
"6IDXA",0,0.0598356127995761
"6MX3A",0,0.0840217598993092
"4AY9X",0,0.121421658166701
"6HXVA",0,-0.156865430054118
"2DTCA",0,0.390692169944748
"7LCZA",0,0.0254158002179444
"5WF2A",0,0.00268254172531235
"5V2QA",0,0.159999077240144
"3I2NA",0,0.519334355161201
"6UX9A",0,0.40691665286102
"5HK1A",0,0.241148562899561
"7LC2D",0,0.050612496338756
"3S84A",0,0.140171041765126
"3KNVA",0,0.246704932075029
"6RPTA",0,0.0465518400389189
"4WMAA",0,-0.0804340172809716
"6JKKA",0,0.342405988670588
"6SWSA",0,0.0396344641787194
"4ZQAA",0,-0.143296262944277
"5UUIA",0,0.0381445308372084
"5T6JA",0,-0.0193969552810577
"4L1JA",0,0.372801126837382
"7JOOC",0,-0.0451319332415385
"6YGAB",0,0.160773417554692
"6V1CA",0,-0.0386611902181346
"3JQHA",0,-0.0466655680767386
"2W2XC",0,-0.0458597310017919
"5A9DA",0,-0.00120033341123726
"4B0FA",0,-0.00949194735487136
"6N8RA",0,0.756645142430963
"4LD1A",0,0.0994836424694834
"3PIVA",0,-0.0910039538134383
"5XA5A",0,-0.0925188704403024
"7A8TB",0,-0.0336363426346099
"6NEPA",0,-0.151381990775665
"2W72B",0,-0.0101702393167051
"6V0MA",0,0.0274217066481108
"6JL9A",0,-0.011153288623143
"4YD8A",0,0.203557803471342
"6C74A",0,0.0800654677166061
"1ZV1A",0,-0.0656583770020702
"6IRBA",0,-0.0109452370911322
"2XSTA",0,0.0538951879763529
"6XKGA",0,-0.0451958717016185
"6KZJB",0,-0.307080762086136
"2HZMA",0,-0.0562105755134593
"5FEBA",0,-0.0779738404401848
"4J2CA",0,-0.210273309595484
"6GPKA",0,0.104487491124274
"6UD7D",0,0.157609333877754
"4WJ7A",0,0.114662427104133
"6L1MA",0,-0.174579245246314
"1WC9A",0,-0.124673360533372
"7JTOL",0,0.103064700661249
"5BQ8A",0,0.305845893658157
"5FUCC",0,0.228278657002806
"7AJLAAA",0,-0.127605353890542
"3LJUX",0,0.28164794734339
"5TUCA",0,0.281335880638142
"1SHUX",0,0.070560493786331
"2OUCA",0,-0.122471593768266
"5MSMB",0,0.48708034498208
"4QPNA",0,0.11097766411683
"1WR6A",0,0.0674239410112116
"5JLVC",0,0.294867596749851
"6GZJB",0,0.0211513639993882
"5YWTA",0,0.367831169130031
"4H27A",0,0.185485711640761
"5FORA",0,0.191684058827948
"3B0DB",0,0.0153329655747865
"2WWEA",0,0.123253778383108
"2G7RA",0,0.240765729902403
"7C7IC",0,0.595883363329688
"1TBFA",0,0.10831775271364
"2QGXA",0,-0.0955790595412888
"5SBQA",0,0.0775157774184788
"3POJA",0,0.0550081307726573
"2GYSA",0,-0.0266946447515576
"6LXAA",0,-0.0752208922976896
"3ICUA",0,-0.078992165521845
"1RPAA",0,0.0924349951522589
"3BH7B",0,0.433413383941224
"6E1FA",0,-0.043915384385529
"5NKMB",0,0.476191280611995
"6VW9B",0,0.0167615842387371
"4UVJA",0,-0.0330143331797405
"5VEBX",0,-0.0259953852482446
"5XISA",0,-0.0920423524655343
"5IESC",0,0.144040359526638
"6NEPB",0,0.118916827830608
"4G7NA",0,0.167222147107861
"4WEEA",0,0.028560889754948
"4OE9A",0,0.447612083940973
"6QIOD",0,0.126207634320078
"6LSUA",0,0.346236449115634
"6O2VA",0,-0.0279020416010984
"6L9UA",0,0.293776696557452
"1QQFA",0,-0.182887541662341
"6URQC",0,0.752088196097733
"6OCXA",0,0.115824801909815
"1ILKA",0,-0.0306417802413995
"4QAFA",0,-0.0266038153238648
"4CO8A",0,0.257966238344675
"2WNPF",0,0.129125808983632
"3B6HA",0,-0.0576602430106005
"5P9VA",0,-0.00734933017839073
"7JLGA",0,0.751898339187417
"6FIAA",0,-0.213153051741137
"6H5WA",0,-0.0392341931047441
"6GQZA",0,0.0644213763725837
"4TXRA",0,0.128037840847953
"6J14G",0,-0.124231425083224
"6J4PB",0,0.748020255858137
"7ARWA",0,0.0406632021685366
"3RBYA",0,0.0420917371922256
"1K8KG",0,0.534181120200694
"5SUZA",0,0.00990618913230679
"5L74A",0,0.00913140564379133
"6NMGA",0,0.128188592234326
"2AGCA",0,-0.172246575930786
"6TN1AAA",0,0.197044504644408
"6DCMA",0,-0.150636939018354
"7L27A",0,0.0422720383657607
"5E4EB",0,0.158067949035812
"6EQTA",0,0.244997320539809
"6KZJA",0,-0.0157191049102222
"4N0HA",0,0.175541150843705
"5I9JA",0,0.0573113905936462
"5YVNA",0,0.303946108317073
"5ITZD",0,0.489202957424815
"5A9HA",0,0.0704581236724507
"3QRLA",0,0.0926565114315326
"7S13C",0,0.0766425508143836
"3OXQE",0,-0.0173323364049937
"6VAXB",0,0.660281704856861
"1XT9A",0,0.147013464694863
"5YHUA",0,-0.013969058471971
"4C5WA",0,0.498317097820485
"5JO8A",0,0.0306416247709583
"6PYRB",0,-0.070883042897766
"6IS0A",0,0.339435937251882
"4BVXB",0,-0.110286553564313
"6M7XA",0,0.0401433935463236
"3HX3A",0,0.0692560580611815
"5W7BA",0,-0.237494637210687
"6B9XC",0,0.372543643192179
"4WY4D",0,-0.117404640661867
"2NSNA",0,0.0170912700388815
"6V5AA",0,0.687181235574176
"5EH1A",0,0.0327366068221792
"6BHCA",0,0.65396888903801
"7KIHA",0,0.0108820823062657
"3KFFA",0,-0.0154688067578455
"5ZYUA",0,-0.0705316705174182
"6NY9B",0,0.0102864726560138
"5MEBA",0,-0.0133682027021841
"4WW7B",0,0.0378305542368071
"6P7ZA",0,0.476915050034821
"4BB9A",0,0.0990755027175025
"6R99A",0,1.07018376550399
"4E0QA",0,-0.129081699237939
"7DA0C",0,0.0250842736719619
"6AU8A",0,-0.0548326807166801
"3R62A",0,0.0815532368184048
"4YI8A",0,-0.0478379332072734
"1NJRA",0,0.106602355786027
"4WXAA",0,0.245822896439512
"5AX2A",0,0.212747445569419
"6J0YC",0,0.0146645044721821
"6E68A",0,0.0688092744130787
"5W2LA",0,0.25906116417038
"4PW2A",0,0.661200046577039
"6R2WT",0,0.0310965326684932
"5B71E",0,-0.0377905269415758
"5JGFA",0,0.0633066225362144
"5A07A",0,0.220368729383207
"6XBOA",0,0.0261803378164172
"6ZT0A",0,0.032700683781808
"1AX8A",0,0.0542238502010426
"3C5EA",0,0.451423828609138
"4Z47A",0,-0.0503406929941404
"6JM5A",0,-0.0320027671439993
"3WTDA",0,0.316239458486465
"2WVIA",0,0.0147227604665262
"5GZAA",0,0.197632295868304
"7ASGA",0,0.241393663587372
"3OHSX",0,0.26544784244958
"2CY9A",0,0.323644205756753
"7LT1A",0,0.257761029496645
"5D2MG",0,0.0832973186661609
"6E7RB",0,0.0914786489929144
"6C93A",0,-0.0285180676219497
"7B2SA",0,0.0355049283369759
"1JTVA",0,0.436856216881835
"4E15A",0,-0.00552991807511655
"6J8YB",0,0.44579854089718
"1EPAA",0,-0.00889773173841957
"5C1MA",0,0.144803637136557
"1U9KA",0,-0.143710478268682
"4CA1A",0,0.068223122251116
"4ZGMA",0,0.135636631845319
"5TD6A",0,0.0387140463925804
"6GF6A",0,-0.122698010345487
"6ZVOA",0,0.0922859150929833
"3RBNA",0,0.116133860160821
"4XGUA",0,0.987412556211781
"6ZEGC",0,-0.0203261314371428
"1AVOB",0,-0.242053556014912
"3S5LG",0,-0.054418191614561
